"","barcode","pseudotime"
"1","AAACCAACACCTCACC.1",0.451854025714889
"2","AAACCGAAGCCACAAT.1",0.561102686691005
"3","AAACCGAAGGAGTCGG.1",0.186221617849695
"4","AAACGGATCCCTCGCA.1",0.571367161844443
"5","AAACGGATCGTGCCTT.1",0.483107652603086
"6","AAAGCACCATCATGTG.1",0.479890546993452
"7","AAAGCCGCACAAAGAC.1",0.091454862672646
"8","AAAGCGGGTAATCGGC.1",0.238886141182256
"9","AAAGCGGGTTTGTGGA.1",0.515571560072928
"10","AAAGCTTGTTGAGCCG.1",0.422395481611766
"11","AAAGGAGCAAGATTCT.1",0.2478419227503
"12","AAAGGAGCAATTTGGT.1",0.0915080197576257
"13","AAAGGCTCAGTAATAG.1",0.601415364646335
"14","AAATCCGGTCAAGTAT.1",0.714332406501251
"15","AAATCCGGTCTTTATG.1",0.311552946199091
"16","AAATGCCTCCTCACTA.1",0.1167319630655
"17","AAATGGCCACCCACAG.1",0.479751631755958
"18","AACAAAGGTACGATTG.1",0.363715674700711
"19","AACAAGCCATGTCGCG.1",0.4469307201954
"20","AACAGCAAGCTGTCAG.1",0.275663349621355
"21","AACAGGATCCAAGTTA.1",0.125879587570756
"22","AACAGGATCGCTATGG.1",0.529834856184236
"23","AACATAGCAATGCCCG.1",0.423586174033088
"24","AACCCGCAGTAACAGG.1",0.359147468627556
"25","AACCGGCTCATCCTAT.1",0.112252047709897
"26","AACCTTAAGCCAGGTC.1",0.268140923049948
"27","AACCTTAAGGTCCGTA.1",0.141406275553036
"28","AACCTTGCAGCATGAG.1",0.446683062430054
"29","AACGCCCAGACAAACG.1",0.0864546551124922
"30","AACGCTAGTGAGCGAA.1",0.428086753251834
"31","AACGGTAAGCGCTCAA.1",0.513830126774469
"32","AACTACTCAGAGGCTA.1",0.1481293358611
"33","AACTAGTGTTACGCGG.1",0.139647311760053
"34","AACTAGTGTTTGTCTA.1",0.276584306366724
"35","AACTGTTCATAAAGCA.1",0.324848547448325
"36","AACTTAGTCTCCATGC.1",0.289387181642862
"37","AACTTAGTCTGCAACG.1",0.161833302314644
"38","AAGAACAGTGTCCAGG.1",0.247094181913654
"39","AAGAATCAGGGACCTC.1",0.45144850242023
"40","AAGAATCAGTGGACAA.1",0.471268052990695
"41","AAGACATAGATAACCC.1",0.390457975629225
"42","AAGACATAGCTTGCTC.1",0.325877732031016
"43","AAGACATAGGAGCACG.1",0.295582520864791
"44","AAGACCAAGTAACGAG.1",0.44066206243609
"45","AAGCAAGTCTAAGGTC.1",0.571852890374295
"46","AAGCCACGTCCGTGAG.1",0.314041779373336
"47","AAGCCTGTCTGTGCCT.1",0.110998109554982
"48","AAGCCTTAGTGAGCGG.1",0.297340421596649
"49","AAGCGAATCAAGCTAC.1",0.160240753436301
"50","AAGCGAGGTAAACAAG.1",0.113809545177724
"51","AAGCGAGGTCACAGAC.1",0.48534652946336
"52","AAGCGCTGTACTGAAT.1",0.446032499360621
"53","AAGCGCTGTTAGCCAA.1",0.358156886142018
"54","AAGCGCTGTTGTAAAC.1",0.414193416058837
"55","AAGCGCTGTTTGCTGT.1",0.496021527860203
"56","AAGCGGGTCACAGGAA.1",0.550772947813356
"57","AAGCGTTTCCATCAGG.1",0.129903709499927
"58","AAGGATGTCAAACACC.1",0.0827658779181278
"59","AAGGATTAGGATTGAG.1",0.183747745933969
"60","AAGGCCCTCTTAGTGA.1",0.132185304250304
"61","AAGGTATAGCGATAAG.1",0.497551746078671
"62","AAGGTATAGGGACCTC.1",0.638092414029199
"63","AAGGTCAAGCCTGGTA.1",0.35343436928499
"64","AAGGTCAAGGGTGAGT.1",0.617464352093785
"65","AAGGTGCAGGAGTCGG.1",0.216380441291497
"66","AAGGTGCAGTAACAGG.1",0.673507113017756
"67","AAGTCTATCTTAGTGA.1",0.660667256389936
"68","AAGTGAAGTCTTTGAC.1",0.586980326252157
"69","AAGTTACGTAAAGCGG.1",0.642760726176137
"70","AAGTTAGCAATTGAAG.1",0.622843537621359
"71","AATAGAGGTAATGGCC.1",0.424201212619061
"72","AATAGAGGTGGATTGC.1",0.10843771357782
"73","AATAGAGGTTAGCCAA.1",0.725616993318454
"74","AATCATGTCTAAATCG.1",0.13505000853507
"75","AATCCATCATTTAAGC.1",0.396505562653045
"76","AATCCGTAGACAACAG.1",0.362250742952939
"77","AATCCGTAGTACTGGT.1",0.0599676957343305
"78","AATCCTAAGACAACGA.1",0.25551633631359
"79","AATCGCCCATAATCAC.1",0.55654891125745
"80","AATCGCCCATAATGAG.1",0.36061241571315
"81","AATGAAGGTGCTAGAC.1",0.582982874719184
"82","AATGAAGGTGGATTGC.1",0.487452462637824
"83","AATGCATGTTAGCCAA.1",0.842043563984924
"84","AATGCGCGTGCTTTAC.1",0.223013959786292
"85","AATGGCGCAGGCCAAA.1",0.328192830198325
"86","AATGTCATCATCCACC.1",0.107828115429116
"87","AATGTCATCATGGCTG.1",0.444582707380583
"88","AATGTCCAGAAGGTGC.1",0.640642727747111
"89","AATGTCCAGCCTCTCG.1",0.451339749680428
"90","AATGTCCAGTTAGCCG.1",0.475381504432191
"91","AATGTCCAGTTGCGTG.1",0.280157319608963
"92","AATTACCCAAGCTTAT.1",0.448981020537836
"93","AATTACCCAAGGACCA.1",0.478830084407558
"94","AATTACCCACAATTAC.1",0.120999220806263
"95","AATTAGCGTTTGCGAA.1",0.273082509231912
"96","AATTAGGCACTTCATC.1",0.428319025528332
"97","AATTCGTCAAATGCCC.1",0.286904222989612
"98","AATTGGGAGCCGCTTT.1",0.526379700471957
"99","AATTGTGTCCTGATGG.1",0.0962045202507303
"100","AATTGTGTCCTTCAAT.1",0.508240225145151
"101","AATTGTGTCGCAACAT.1",0.735894836888232
"102","AATTTCCTCAATGTGC.1",0.611909707391016
"103","AATTTCCTCTTGAGGT.1",0.490209511447134
"104","ACAAACTGTGCGCAAT.1",0.370598870524067
"105","ACAAAGGTCCATAAGC.1",0.220813088152371
"106","ACAAAGGTCCGTAAAC.1",0.122218890322161
"107","ACAACAACACCCACCT.1",0.645448211153393
"108","ACAACAGAGTCACGAT.1",0.819093490636334
"109","ACAACATGTGTTTGTC.1",0.517527307182003
"110","ACAACATGTTTCCGGC.1",0.201277382686185
"111","ACACAATGTTCAAGCA.1",0.490550097234206
"112","ACACCTTGTCAATACG.1",0.162154175726469
"113","ACACTAATCCAGGGAG.1",0.409795444902474
"114","ACACTTGCAAAGCCTC.1",0.349966355872644
"115","ACACTTGCAACATAAG.1",0.130474975597749
"116","ACACTTGCACAGCCAT.1",0.483720210928406
"117","ACACTTGCAGTAGGAT.1",0.160101909499195
"118","ACAGGATCATAGACTT.1",0.209573091655755
"119","ACAGGCTGTGCGCAAT.1",0.304386961157549
"120","ACAGGCTGTTATGTGG.1",0.417589221104291
"121","ACAGGTAAGGTCAAAG.1",0.350814940707743
"122","ACAGGTAAGTAAGAAC.1",0.78226539863294
"123","ACATTAGTCCACCTGT.1",0.677949953140053
"124","ACATTGCAGGAGCACG.1",0.107132980174737
"125","ACATTGCAGTCACCAG.1",0.481651465716714
"126","ACCAAACTCGGGACCT.1",0.0721114325681228
"127","ACCAAGTTCACGAATC.1",0.378363989004709
"128","ACCAAGTTCGCAACAT.1",0.129100192228282
"129","ACCAAGTTCTTGACCC.1",0.408209904884699
"130","ACCACACCAGCCTAAC.1",0.36275239597967
"131","ACCACATAGCTCCCTG.1",0.124066123230445
"132","ACCACATAGGCTGTCA.1",0.17061392094494
"133","ACCACATAGTAGCCAT.1",0.162130178162091
"134","ACCAGCTCATAATCGT.1",0.485194286780065
"135","ACCATAATCCAGGAAA.1",0.13207073216809
"136","ACCATTAAGTTATGTG.1",0.493364662094304
"137","ACCCGGTAGACAAGTG.1",0.351932741849452
"138","ACCCGTAAGAAGGTGC.1",0.258441771890855
"139","ACCCGTAAGTAGCGCC.1",0.442219839727536
"140","ACCCTGTTCTGTAAGC.1",0.0559658966205669
"141","ACCGAAGCACAACCTA.1",0.453283299874168
"142","ACCGGCTAGTTCCTGC.1",0.57285917972567
"143","ACCTGGTCATGTCGCG.1",0.404139282923082
"144","ACCTTCATCCTTGTTG.1",0.247257592913004
"145","ACCTTCCAGAGCAAGC.1",0.496227893012413
"146","ACCTTCCAGCACGTTG.1",0.159300900666262
"147","ACCTTGTGTTTATGGG.1",0.516182956284634
"148","ACGAATCTCAGGAACA.1",0.556199399428188
"149","ACGAGTAAGAGGAAGG.1",0.389438692903615
"150","ACGAGTAAGTTAGAGG.1",0.358718275221699
"151","ACGATTCAGCTGTAAC.1",0.466904239517838
"152","ACGCAAGCAGCATTAT.1",0.369376652698509
"153","ACGCAAGCATAAGGAC.1",0.447998374372779
"154","ACGCCACAGGAAGTAT.1",3.86535438946342
"155","ACGCCTAAGGCCATCA.1",0.157262120432328
"156","ACGCCTAAGTCATTAG.1",0.443659849140524
"157","ACGGTACGTCCTTCAG.1",0.439065804076805
"158","ACGGTTTAGAAGGTGC.1",0.526700170263001
"159","ACGGTTTAGGAACACA.1",0.341725203153357
"160","ACGTACCCAGTAAAGC.1",0.117373382610297
"161","ACGTCCTTCACCATTT.1",0.164739845580482
"162","ACGTCCTTCACTTTAC.1",0.340226859426986
"163","ACGTCCTTCGGGATTT.1",0.544024482584047
"164","ACGTCCTTCTGTGCCT.1",0.45264897204553
"165","ACGTTACAGCCTCTGT.1",0.278653391654712
"166","ACGTTGTAGGGATGCG.1",0.446510612165321
"167","ACTAATCCATGGCCTG.1",0.116404979153751
"168","ACTAGGCGTATTTGCC.1",0.29654895632493
"169","ACTATCCGTTGAAGCC.1",0.0838375305692659
"170","ACTATGTCAAATTGCT.1",0.381191869720907
"171","ACTCGCGCACCAAAGG.1",0.487078722613783
"172","ACTCGCGCAGGCATCT.1",0.754535199271602
"173","ACTCGCTTCACTAAGC.1",0.323623163397518
"174","ACTGAAACAAGCTTAT.1",0.205688412937622
"175","ACTGAATGTAGCCATA.1",0.409261232244809
"176","ACTGAATGTTACTAGG.1",0.438501041010732
"177","ACTGAATGTTAGTTGG.1",0.346302167493831
"178","ACTTAGGGTGAGCGAA.1",0.486825065022287
"179","ACTTAGGGTTAGGATT.1",0.457936502252706
"180","ACTTAGTCACGTTACA.1",0.526839153109825
"181","ACTTATCTCAGGTTTA.1",0.358281846112677
"182","ACTTATGAGCGCATTG.1",0.298463533340854
"183","ACTTATGAGTGTTGTA.1",0.268178074151359
"184","ACTTCGCTCAGCACCA.1",0.0848452286578247
"185","ACTTGAATCAATCATG.1",0.255855731188432
"186","ACTTGTAAGTCAGTAC.1",0.464111517215373
"187","ACTTTGTTCAAGCTAC.1",0.292275693227565
"188","AGAAAGGCACATACTG.1",0.155861832816422
"189","AGAAAGGCAGGGAGGA.1",0.560525762406063
"190","AGAACAAGTTGCGGAT.1",0.258504105072917
"191","AGAACCAAGCATGACT.1",0.437005850920274
"192","AGAACCAAGTTCCTCA.1",0.134093785573077
"193","AGAACCGCATTATGCG.1",0.508926691969546
"194","AGAAGGTGTTAGACCA.1",0.680043384390516
"195","AGAATCGAGCACCACA.1",0.0869877147699661
"196","AGAATCGAGCTATTGA.1",0.152430351425665
"197","AGAATCTGTGTTGTGA.1",0.623599992563263
"198","AGAATCTGTTGGTTCT.1",0.590693333750466
"199","AGACAATAGATAGACG.1",0.560363415377713
"200","AGACAATAGGCATTGT.1",0.123724988777038
"201","AGACACGCAGAAATTG.1",0.38806080548285
"202","AGACTATGTAAGCTCA.1",0.582222788629543
"203","AGAGATTAGAGAGGAG.1",0.137742492021908
"204","AGAGATTAGGGTGAGT.1",0.493584815302722
"205","AGAGGAACAAGGTGGC.1",0.409552221139945
"206","AGAGGAACACCGGTAT.1",0.481423890530514
"207","AGATGCTTCAATGACC.1",0.0787517368103303
"208","AGCAAATAGTAGCTTA.1",0.106775757110959
"209","AGCAACAAGCGAGTAA.1",0.524828266409894
"210","AGCAACAAGGTCTTGG.1",0.387277337734171
"211","AGCAAGGGTACCGGAT.1",0.192057997505416
"212","AGCAAGGGTCCTAGTT.1",0.782442826470282
"213","AGCAAGGGTTTAGCTC.1",0.332126660436582
"214","AGCAATACAATAGCAA.1",0.314145451011924
"215","AGCACTTAGAAGCTAG.1",0.256423613990173
"216","AGCACTTAGGTACCGC.1",0.391869313991339
"217","AGCACTTAGTCATGCG.1",0.308004389114684
"218","AGCAGGTAGTCACCAG.1",0.100393766910012
"219","AGCATCCCAGTTTCTC.1",0.626469188915615
"220","AGCATCCCATAAAGCA.1",0.0853120560981321
"221","AGCCGCTAGTTCCCGT.1",0.120334377683816
"222","AGCCGGTTCAAACCTA.1",0.435649197049141
"223","AGCCGGTTCCTCGATC.1",0.492500007562636
"224","AGCCGGTTCTGCAACG.1",0.252485397280481
"225","AGCGCCTAGGCCTGGT.1",0.578358069187825
"226","AGCGGACCACAACAGG.1",0.611606376244877
"227","AGCGGATAGGGTGAGT.1",0.112210663007572
"228","AGCTACGTCCTTGCGT.1",0.639301557172926
"229","AGCTATATCATTACAG.1",0.533439496008611
"230","AGCTATATCGGTTACG.1",0.574119030477924
"231","AGCTATATCTAGCTAA.1",0.261263058094573
"232","AGCTCATAGGATGATG.1",0.13899743919122
"233","AGCTTAATCAGCAAAG.1",0.523101885054835
"234","AGCTTAATCCGCCAAA.1",0.574442275901909
"235","AGCTTAATCTTGTCTG.1",0.468777580293983
"236","AGCTTCCTCTGTAAGC.1",0.0911584477436424
"237","AGCTTGGTCGTTTCGC.1",0.177826835159188
"238","AGCTTTAAGAGAGGCT.1",0.372659288100567
"239","AGCTTTAAGGGCTAAA.1",0.368281875693352
"240","AGCTTTAAGTTAGGCT.1",0.300513989317009
"241","AGGAAACGTGTTTGAG.1",0.518585657998531
"242","AGGAACCAGTTTAACG.1",0.445812578284545
"243","AGGACGTAGTAGCTTA.1",0.180911003462543
"244","AGGACTAAGGTAGCTT.1",0.507905837417164
"245","AGGAGCTAGTGTTGCG.1",0.543474793786019
"246","AGGATATAGGAGCAAC.1",0.534234524718156
"247","AGGATCCGTAAGCTCA.1",0.503952424940672
"248","AGGATGCAGTCAGGCC.1",0.25089752748807
"249","AGGATTGAGTTTGTCT.1",0.197358460804739
"250","AGGCAATCATTATGAC.1",0.447149036019718
"251","AGGCAGGTCCGTTATT.1",0.411830687633122
"252","AGGCAGGTCTAAGTGC.1",0.380627772976027
"253","AGGCGGATCACATTGA.1",0.583557067096224
"254","AGGCGGATCATCAGTA.1",0.519570343522919
"255","AGGCGGATCCTAATGA.1",0.221174688116048
"256","AGGCTAAAGTGAACCT.1",0.641905369510701
"257","AGGCTAGCAACAGGTG.1",0.281193914637613
"258","AGGGCCTTCTAATCAG.1",0.615389306544295
"259","AGGGCTACAAAGCGGC.1",0.0651624082020028
"260","AGGGCTACAGGCAAGC.1",0.483778172834604
"261","AGGGTTGCATAGACCC.1",0.493300879273688
"262","AGGGTTGCATTGCAGC.1",0.538957163240105
"263","AGGTAACCAGTCTAAT.1",0.402726057373057
"264","AGGTATTGTCCAAGAC.1",0.537465527732651
"265","AGGTATTGTCCGGTTC.1",0.176571901277794
"266","AGGTATTGTTAATGCG.1",0.152412267887191
"267","AGGTCAAAGCAAGGTA.1",0.290768646106589
"268","AGGTCAAAGGATAAAC.1",0.500310310873881
"269","AGGTCATTCCTGGCTT.1",0.569558517063595
"270","AGGTGAGGTTCCTGAT.1",0.408877196193454
"271","AGGTTACTCGTTTCTG.1",0.251816985780858
"272","AGGTTGCGTAATCGGC.1",0.535860921733953
"273","AGGTTGCGTACGTTTC.1",0.291663947262533
"274","AGTAAACAGCCTGAGC.1",0.415099032421963
"275","AGTAACACAGGAAGCC.1",0.534660793033784
"276","AGTAACCTCCTAGTCC.1",0.44315575205328
"277","AGTAACGAGGTCATTA.1",0.118892362759004
"278","AGTAATGCAGCTACGT.1",0.186596902126238
"279","AGTAGCTTCCAATTAG.1",0.577432894964258
"280","AGTAGCTTCGTCATTT.1",0.24076942219249
"281","AGTAGCTTCTTAGCGG.1",0.43954361966522
"282","AGTAGGATCAATCATG.1",0.0439197473752882
"283","AGTCAAGAGGAGGACT.1",0.211245806533969
"284","AGTCCTTGTAGCTAAT.1",0.617587701571869
"285","AGTCCTTGTGATCATG.1",0.694571280591777
"286","AGTCCTTGTTACGCAA.1",0.128492700122793
"287","AGTCGCATCGCGACAC.1",0.416468475423872
"288","AGTCTTGCACTAAATC.1",0.537979668052522
"289","AGTGAGTCAAGGGTTG.1",1.85279817358279
"290","AGTGATGAGGAGGCAT.1",0.187583531836314
"291","AGTGATGAGGTGCTGC.1",0.367707915482676
"292","AGTGATGAGTAAGTGG.1",0.139404238861541
"293","AGTGATGAGTTCCCGT.1",0.40793001170736
"294","AGTGCCGGTTGTAAAC.1",0.307932615850027
"295","AGTGCGGAGGACAATG.1",0.515872233972442
"296","AGTGGACAGGTCTTGG.1",0.311472033300489
"297","AGTGTGGCAGAGGGAG.1",0.272207531431124
"298","AGTGTTTCAGCATGGA.1",0.476723236998024
"299","AGTTACATCCAATTAG.1",0.831626964375985
"300","AGTTACATCGTAATCA.1",0.583561751416521
"301","AGTTACTCAACTAGAA.1",0.19175505355774
"302","AGTTACTCACGGTTTA.1",0.135855107456887
"303","AGTTACTCAGCACCAT.1",0.299530344650598
"304","AGTTATGTCTTGCATT.1",1.02174566443697
"305","AGTTGCAGTAGTAAGA.1",0.509243693785246
"306","AGTTGCAGTTGCATCT.1",0.168694379747526
"307","AGTTGTCAGCTCCCTG.1",0.598741802076772
"308","AGTTTGATCAATTACG.1",0.238595651817381
"309","AGTTTGATCATTACTC.1",0.123785880947599
"310","AGTTTGATCGGTCAGC.1",0.13987531925818
"311","AGTTTGCAGTTCCTGC.1",0.266306277526066
"312","ATAACGACACTTCATC.1",0.14235100931846
"313","ATAACGACATCATGGC.1",0.319686134063352
"314","ATAAGCCTCTTAGCGG.1",0.52895223809409
"315","ATAAGCCTCTTGCAAA.1",0.439266702880562
"316","ATACCGGTCGATTCTT.1",0.174408000504888
"317","ATACCTGCACTAGCGT.1",0.379166220424724
"318","ATAGCATGTGCGCAAT.1",0.586766529754211
"319","ATATAGGCAAAGGTAC.1",0.446664819602845
"320","ATATAGGCACCAACCG.1",0.354612455433497
"321","ATATAGGCACGGTACT.1",0.158723804010976
"322","ATATAGGCAGAAATGC.1",0.446403189017833
"323","ATATGCATCATCACTT.1",0.377403607327869
"324","ATATGCATCGAAGTGA.1",0.555215712519908
"325","ATATGCATCGAGGAGT.1",0.246605662411339
"326","ATATGCATCTCGACCT.1",0.682742472559639
"327","ATATGCTCACGTAATT.1",0.361546208075352
"328","ATATGCTCATCATGTG.1",0.663001787656123
"329","ATATGGTGTAAGTCGC.1",0.575411184837157
"330","ATATGTCCACCGTTCC.1",0.552989452635731
"331","ATCAAGCTCAGGTCCA.1",0.31861929207849
"332","ATCAAGCTCCAACTGG.1",0.172022365602267
"333","ATCAAGCTCCGCAACA.1",0.553449717627782
"334","ATCACCCTCAGGGCCT.1",0.518595300495362
"335","ATCACCCTCCAGGAAA.1",0.1777395415071
"336","ATCACCCTCCCGAAGC.1",0.471504319527719
"337","ATCAGGTTCAAGTGAG.1",0.514695200947391
"338","ATCAGGTTCAATTACG.1",0.526448056661976
"339","ATCATCAAGAGAGCCG.1",0.0786520615188784
"340","ATCATCAAGGCGCTTA.1",0.264882604176454
"341","ATCATCAAGGGATGCG.1",0.400846147578809
"342","ATCCACCTCGTTAGCG.1",0.450890483728858
"343","ATCCTGACATTAAGCT.1",0.672832873745312
"344","ATCCTTAGTACCTTAC.1",0.259879153628562
"345","ATCGAGGCAGCATGGA.1",0.350662120063837
"346","ATCTATGAGTCAATCA.1",0.53757350993069
"347","ATGAAGCCACTCAACA.1",0.437615100350606
"348","ATGAAGCCATGAAATG.1",0.214769791826771
"349","ATGAAGCCATTCCTGT.1",0.479912155849739
"350","ATGACAACAAACTCAT.1",0.131775128683912
"351","ATGACCAGTCGCAAAC.1",0.418236126668756
"352","ATGACCAGTGTTGCTT.1",0.528695556570771
"353","ATGACGAAGCATTATG.1",0.572917205120404
"354","ATGACGAAGGCAAGTA.1",0.670953474241196
"355","ATGACTCAGGTCCACA.1",0.468178103772055
"356","ATGACTCAGTGAGGTA.1",0.378062076658806
"357","ATGAGCCGTCCTAATC.1",0.52790645642594
"358","ATGATGACAAACTAAG.1",0.437897085480754
"359","ATGATGGAGGCAAGTA.1",0.145046223613023
"360","ATGATGGAGTTATTCC.1",0.252341197975437
"361","ATGCAAACACTGGCTG.1",0.299080659350853
"362","ATGCAGGCATAATCCG.1",0.483453524842676
"363","ATGCCTGAGGAACGGT.1",0.38626758846034
"364","ATGGCCCAGATGCCTG.1",0.53386904072707
"365","ATGGCCCAGCATGCAT.1",0.587134307215846
"366","ATGGCCCAGTCATCCC.1",0.329264397799486
"367","ATGGCCCAGTGAGGTA.1",0.152600072590582
"368","ATGGCTAGTTGGATAT.1",1.38509536163527
"369","ATGGCTTAGCGCATTG.1",0.228706048477239
"370","ATGGCTTAGTTATTCC.1",0.705029015266784
"371","ATGGTCTAGCTAATTG.1",0.544877743093511
"372","ATGGTGCGTCAAAGAA.1",0.655224285701496
"373","ATGGTGCGTCCAAATG.1",0.582048736589543
"374","ATGGTGCGTCTCAGCC.1",0.277344773563753
"375","ATGGTTATCAATACGC.1",0.131170430520948
"376","ATGGTTATCCTAGTCC.1",0.434920642109545
"377","ATGGTTATCTTGGACG.1",0.44061791848444
"378","ATGTCATCAACCCTCC.1",0.281237933324958
"379","ATGTCATCAGCTCAAC.1",0.17240430375892
"380","ATGTCCACAGGCATCT.1",0.359186338520668
"381","ATGTTCAAGCACAGAA.1",0.45636074870071
"382","ATGTTGTCATGTCGCG.1",0.470101518321175
"383","ATGTTTGAGAGAGCCG.1",0.72090488745745
"384","ATGTTTGAGGATGATG.1",0.108313420372475
"385","ATGTTTGAGTAAGTCC.1",0.584314551924983
"386","ATTACCGCACTCGCTC.1",0.436695603255415
"387","ATTACGTCAAACCTAT.1",0.475495794377222
"388","ATTACGTCATATTGAC.1",0.410010571307947
"389","ATTACTGAGGTGTCCA.1",0.44507529963127
"390","ATTACTGAGTAGCCAT.1",0.380848807983723
"391","ATTAGCGGTAAACAAG.1",0.292178114217618
"392","ATTAGCGGTCAAGACC.1",0.160396765229084
"393","ATTATCCTCAGTATTG.1",0.307770781210364
"394","ATTATGGTCATGTGGT.1",0.66943203913015
"395","ATTATGGTCGAGGTGG.1",0.224787942913954
"396","ATTCACTTCCAGGTCA.1",0.0864478109138954
"397","ATTCCGGAGACAGGCG.1",0.547263352678086
"398","ATTCCGGAGCTGAGGG.1",0.128605020948602
"399","ATTCCGGAGGACGTAA.1",0.121632573997498
"400","ATTCCTAGTTCCTCCT.1",0.344979934404333
"401","ATTGCGCCACTAGCGT.1",0.390616547293486
"402","ATTGGCTAGGATCCGC.1",0.541370765806943
"403","ATTGGTTCAGCTAATT.1",0.512070501105742
"404","ATTGGTTCATAGTCAT.1",0.347955093163968
"405","ATTGTCCGTTTAGTCC.1",0.281489773198059
"406","ATTGTGATCCTAAGTA.1",0.268064321640774
"407","ATTGTGATCGCCTAAG.1",0.243935050922787
"408","ATTTAGGTCCGTAAAC.1",0.378454394514909
"409","ATTTGCGCAAACGCGA.1",0.578342666896383
"410","ATTTGTGAGTTAGCTA.1",0.139970424513072
"411","CAAACAACAGTTATCG.1",0.360670668595043
"412","CAAACACTCGAGGAGT.1",0.167986243281851
"413","CAAACCGTCATTTGTC.1",0.471795568166792
"414","CAAACCGTCCCTCACG.1",0.215281318847064
"415","CAAACGCGTGTCACGG.1",0.288437253945932
"416","CAAACGCGTTACTTCA.1",0.356367767664295
"417","CAAACTGGTACGTTTC.1",0.106158438599347
"418","CAAACTGGTTAAGCGC.1",0.516635301306463
"419","CAAAGGATCACACAGT.1",0.531519714366375
"420","CAAAGGATCGATATTG.1",0.424893374012046
"421","CAAAGTGAGGAACACA.1",0.469283064742923
"422","CAACCCGCAACTAGCC.1",0.366381978341133
"423","CAACCCGCAAGACTCC.1",0.109756793475507
"424","CAACCCGCAGCAATAA.1",0.378319009809494
"425","CAACTAGGTCTCACTG.1",0.214246022038154
"426","CAAGCTAGTCTTACTA.1",0.163535313625203
"427","CAAGCTAGTCTTGCAT.1",0.159952840758766
"428","CAAGGCCTCCGGTTAG.1",0.541130093242965
"429","CAAGGCCTCGATAACC.1",0.446786496687638
"430","CAAGGCTGTTGTGACA.1",0.446370912578243
"431","CAAGTATGTCTCACTG.1",0.208933295499217
"432","CAAGTTATCAGCACCA.1",0.496780951025943
"433","CAAGTTATCATTACGA.1",0.501274508138157
"434","CAAGTTATCCGCTAGA.1",0.189348784365309
"435","CAAGTTATCCTTTACG.1",0.381356832171474
"436","CAATAAGCAAGTTATC.1",0.227789626252391
"437","CAATAAGCACCAGCAT.1",0.421009474383516
"438","CAATAGCTCGTTCACC.1",0.433345981423719
"439","CAATATGTCCTTGTTG.1",0.397137289303875
"440","CAATCCCTCATTGACA.1",0.523340855455
"441","CAATCCCTCCCGCATT.1",0.482112466027481
"442","CAATCTAAGACAAACG.1",0.493853333095812
"443","CAATCTAAGACTCGCA.1",0.0831147201802288
"444","CAATCTAAGCCGCAGT.1",0.412190485901838
"445","CAATGAACACCGGCTA.1",0.247306101931376
"446","CAATGACTCGCAGGCT.1",0.403415513975638
"447","CAATGACTCTTGCAGG.1",0.401698814511022
"448","CAATGCCCAATCCTGA.1",0.532164158121612
"449","CAATGCCCATAGACTT.1",0.438698668851903
"450","CAATGCCCATTCCTCG.1",0.0807870501294631
"451","CAATGTCAGCACTAGT.1",0.285405634035612
"452","CAATGTCAGTAACGGA.1",0.0920538607957379
"453","CAATGTGGTTAACACG.1",0.394939256530166
"454","CACAAGCGTCTTTGAC.1",0.135945378237697
"455","CACAATATCACCATTT.1",0.378050146564427
"456","CACAGGGAGTCGCAAT.1",0.667037979982405
"457","CACAGGGAGTGAGCGG.1",0.401849173489912
"458","CACATAATCAAGGACA.1",0.585722631688835
"459","CACATAATCCGTTAAA.1",0.121349219571101
"460","CACATAATCCTCACTA.1",0.334912399481386
"461","CACATACAGGTGCTGC.1",0.407353356672603
"462","CACATTAAGACTCGCA.1",0.428686285919967
"463","CACCGGTAGCGCCTAA.1",0.19145878070369
"464","CACCGGTAGGCTGTGC.1",0.327699080668608
"465","CACCTCAGTGCAACTA.1",0.316527906571793
"466","CACCTCAGTTTACGTC.1",0.556856726619154
"467","CACTAAGGTAAGGTTT.1",0.641902627611064
"468","CACTAAGGTAGGTTAT.1",0.54856371495511
"469","CACTAAGGTCCTTTAA.1",0.423847782201477
"470","CACTAGCCATGCTTAG.1",0.136039166755371
"471","CACTGACCACATACTG.1",0.709568279029355
"472","CACTGACCACTGGCTG.1",0.277676304343178
"473","CACTGACCAGGGAGGA.1",0.587619864137878
"474","CACTGACCATGGCCCA.1",0.192420565524276
"475","CACTTTGTCCTCCTAA.1",0.251190022982893
"476","CAGAACCGTCGCATAA.1",0.132924719518653
"477","CAGAACCGTTTATCGC.1",0.180163084927982
"478","CAGATTCAGTGTTGTA.1",0.459776217951334
"479","CAGCATGTCATTAGCA.1",0.112028246754432
"480","CAGCATGTCCGGGACT.1",0.663557856249235
"481","CAGCATTAGGTCCACA.1",0.443314428927193
"482","CAGCATTAGTTTCCTG.1",0.614990515371902
"483","CAGCCAATCAGTTCCC.1",0.6806390522677
"484","CAGCCAATCCTAAGTA.1",0.197341858031492
"485","CAGCCTTTCAAATCGC.1",0.380632666819522
"486","CAGCTATAGTGCACGC.1",0.316556232176618
"487","CAGGAAGGTAATGGAA.1",0.438817267182196
"488","CAGGAAGGTGGATTGC.1",0.5524546958299
"489","CAGGACACACGAACAG.1",0.310971365629984
"490","CAGGACCTCGCACACA.1",0.533939534234285
"491","CAGGCTATCAATCATG.1",0.377157429644925
"492","CAGGCTATCATCACTT.1",0.247241746338012
"493","CAGGCTATCTTGACCC.1",0.151984310817991
"494","CAGGCTATCTTTAAGG.1",0.951205944938551
"495","CAGGGCTTCCCGTTAC.1",0.465876020841297
"496","CAGGGTGAGCTTAACA.1",0.54278557230962
"497","CAGGTCCAGCTCATAA.1",0.319998648816311
"498","CAGGTCCAGTAACGGA.1",0.636341739741608
"499","CAGGTGGAGAGGAGTC.1",0.556779135060992
"500","CAGGTGGAGGGACCTC.1",0.0867387079476588
"501","CAGGTGGAGGGATGAC.1",0.534854269206453
"502","CAGGTTAGTACAATGT.1",0.136390871455502
"503","CAGGTTAGTTGTAACG.1",0.07066749766665
"504","CAGGTTAGTTTATTCG.1",0.524627874403349
"505","CAGGTTTAGAGGCTAA.1",0.629578726627894
"506","CAGTACCCACTTAGGC.1",0.272416428481545
"507","CAGTATGGTCATGCAA.1",0.383309306169107
"508","CAGTATGGTGATGGCT.1",0.106112940190145
"509","CATAACGGTACCAGGT.1",0.155473150809995
"510","CATAATCCAAATGCCC.1",0.395060613900178
"511","CATAATCCAGTATGTT.1",0.158324614429235
"512","CATAGCTAGAGCAAGC.1",0.26834149109561
"513","CATAGGCGTACGATTG.1",0.446148377211402
"514","CATAGGTTCGTAACGT.1",0.475212909431576
"515","CATATCGCAGCTCAAC.1",0.148942910983032
"516","CATCAATCATTGCAGC.1",0.568713013018492
"517","CATCACACACTAAATC.1",0.388412851593603
"518","CATCAGCCAACGTGCT.1",0.43262348275093
"519","CATCAGCCAGCATGGA.1",0.169080049821116
"520","CATCATAAGTTATCCT.1",0.603434588536821
"521","CATCATGCAGGCAAGC.1",0.119361214180452
"522","CATCATGCAGGTTTGC.1",0.376065440406506
"523","CATCATGCAGTAAAGC.1",0.80390473572766
"524","CATCATGCATAATCGT.1",0.208672820951441
"525","CATCATGCATCCATCT.1",0.262182292221886
"526","CATCCTCAGGCTAGAA.1",0.0579828240728725
"527","CATCCTGGTAATAGCT.1",0.550752905041441
"528","CATCCTGGTGTTGTGA.1",0.493636029054009
"529","CATCCTTCAATATACC.1",0.0912583542831978
"530","CATCGCTTCGTTAACA.1",0.36045673768892
"531","CATGCAAGTAATGACT.1",0.447420732554179
"532","CATGCAAGTTCCAGGG.1",0.682382419714636
"533","CATGCATAGTGTGATC.1",0.364388188572733
"534","CATGGATTCCCTCAAC.1",0.959419099914506
"535","CATGGATTCGCTAAAC.1",0.072569461053013
"536","CATGGCGGTTGCTTCG.1",0.187965399886698
"537","CATTATCTCGCTAAAC.1",0.527862088386342
"538","CATTGCGAGCCTGTGA.1",0.0547027444262184
"539","CATTGTAAGCTAGAAG.1",0.367539431184644
"540","CATTGTGCAAACGCGA.1",0.433721845086158
"541","CATTTGTTCCTCGATC.1",0.209078081290547
"542","CCAAACCCAGGCTTCG.1",0.482097544519017
"543","CCAAATCAGCACGATT.1",0.464510158841712
"544","CCAACATAGTAATCCA.1",0.151622717446447
"545","CCAATATCAACCCTAA.1",0.0647406357757476
"546","CCACAATAGAAGCTAG.1",0.443261903940391
"547","CCACAGGGTTGAGGTC.1",0.326495659748311
"548","CCACTTGGTTGAGCCG.1",0.681996399961299
"549","CCAGACTCACTGGCCA.1",0.232496421673867
"550","CCAGCCTGTCAAAGGG.1",0.13865416688818
"551","CCAGCCTGTTGCTGGG.1",0.44321266921594
"552","CCAGCTAAGTGATTCA.1",1.80042274080873
"553","CCAGGAACAATTGCGC.1",0.515154621404219
"554","CCAGTTTGTTGTTGGA.1",0.390801036883925
"555","CCATAAATCTAATTGG.1",0.0821137126330765
"556","CCATAATCACATAACT.1",0.104244094800453
"557","CCATAGCCATGCTATG.1",0.509310920960853
"558","CCATCATGTAAGCTTG.1",0.383573797372819
"559","CCATCATGTCGTTACT.1",0.391720020942663
"560","CCATCATGTTGCTTCG.1",0.393409804471672
"561","CCATTGTGTATTGCAG.1",0.464178263951443
"562","CCCAAATAGCTGTACG.1",0.145897881097899
"563","CCCAAATAGTCATTAG.1",0.449784855005334
"564","CCCAACCGTGTTTGAG.1",0.439745328044691
"565","CCCAATTGTCTTGCTG.1",0.534906093291743
"566","CCCAATTGTGGCTTCC.1",0.122727135727651
"567","CCCAGCACAGCCGCTA.1",0.406958336390643
"568","CCCAGTTTCCTTAATC.1",0.354353027103605
"569","CCCATAACAGGCTGTT.1",0.523894585393506
"570","CCCGCTTCAAACCCTA.1",0.0992648488581658
"571","CCCGCTTCAATGCCCG.1",0.425408246192217
"572","CCCGTAAAGGTTAGAG.1",0.640291721762655
"573","CCCTAATGTTGCATCT.1",0.113055009928817
"574","CCCTCACCATTGTCCT.1",0.372302384085096
"575","CCCTCATAGCTAATTG.1",0.47318799345156
"576","CCCTCATAGTCACTCC.1",0.416277936642707
"577","CCCTGTTAGCACAGGG.1",0.376265384988511
"578","CCCTGTTAGGTGAAAT.1",0.0773779764999275
"579","CCCTTAATCCGGCTAA.1",0.194513296866421
"580","CCCTTAATCGGTACGC.1",0.442301686293066
"581","CCCTTAATCTAAGTCA.1",0.398537653002797
"582","CCCTTAATCTCTAGCC.1",0.373757574097982
"583","CCGACAGGTCCACAAA.1",0.464125758615054
"584","CCGACAGGTTTACCGT.1",0.263177573334297
"585","CCGATGCAGGACCTCA.1",0.475197764866147
"586","CCGCACACAAGGACCA.1",0.529021775419075
"587","CCGCCAACACATGCTA.1",0.430813830580804
"588","CCGCTAAAGACACTTA.1",0.238330323096783
"589","CCGCTAGCAATAGTCT.1",0.234707500905164
"590","CCGGTAGGTACCAGGT.1",0.57648221260007
"591","CCGGTTAAGTCATTTC.1",0.556529412458685
"592","CCGTGCTGTAATCACG.1",0.505100010625693
"593","CCGTGCTGTAGACAAA.1",0.233056051769437
"594","CCGTTACTCGTAATCA.1",0.173421022144764
"595","CCGTTATGTTTACGTC.1",0.491900201567458
"596","CCGTTGCGTCAATACG.1",0.48236697574307
"597","CCGTTTGGTTAGCAGC.1",0.493016765911369
"598","CCTAAAGGTGGTTATG.1",0.499198279866263
"599","CCTAAATCACCAGGTT.1",0.431449458746577
"600","CCTAAGCCAATGCCCG.1",0.613523756747876
"601","CCTAAGTAGCCGCAAC.1",0.398827697566585
"602","CCTAAGTAGGAGTAAT.1",0.17511351652062
"603","CCTAAGTAGGTTTACA.1",0.371017168283425
"604","CCTAATAAGGAGCACG.1",0.641361871244058
"605","CCTAATAAGGCGTAAA.1",0.307732663040909
"606","CCTAATCGTTCAAGCA.1",0.213373214391707
"607","CCTACTGGTCCTAAGA.1",0.300869660234057
"608","CCTACTGGTCTTACTA.1",0.527556956356436
"609","CCTAGTTGTATTACCC.1",0.159809597367337
"610","CCTATAGCATGACTAT.1",0.095563665878236
"611","CCTATATTCCTGGTCT.1",0.434761554883435
"612","CCTATTGTCATGCTTT.1",0.508756457987579
"613","CCTATTGTCCACCCTG.1",0.476374184686833
"614","CCTATTGTCCGGGACT.1",0.0977744373906003
"615","CCTCAGTTCAAATCGC.1",0.53853712283622
"616","CCTCAGTTCGGTTAGT.1",0.374402773788653
"617","CCTCAGTTCTAGCGAT.1",0.578308282799163
"618","CCTCCTCTCTTTGACT.1",0.683896464722399
"619","CCTCCTGAGCTCGCTT.1",0.0973910406951914
"620","CCTGAATAGTCACTAA.1",0.537396286618884
"621","CCTGACTTCTCCTCTT.1",0.270194682694813
"622","CCTGAGTCAGCTTACA.1",0.351233057331875
"623","CCTGATGAGCTCAATA.1",0.175563115821975
"624","CCTGATGAGTTCCTCA.1",0.147530814037425
"625","CCTGCTCCATGTTTGG.1",0.212551082234243
"626","CCTGGATCAATCCTGA.1",0.603845970561198
"627","CCTGGTAAGCACCACA.1",0.168917431649253
"628","CCTGGTAAGGCTCATG.1",0.628468201034957
"629","CCTGTAACACGAATTT.1",0.573116343162289
"630","CCTGTAACATCTAGCA.1",0.469101145458285
"631","CCTGTATGTGCCGCAA.1",0.374081049170258
"632","CCTGTATGTTAATGCG.1",0.435141135741947
"633","CCTGTTGGTATTGGTG.1",0.731346277746824
"634","CCTGTTGGTGAATCGC.1",0.0992337444470348
"635","CCTTAGTGTCACGGAT.1",0.335061847958133
"636","CCTTAGTGTGGATGTC.1",0.567892669910494
"637","CCTTAGTGTGGTTAGC.1",0.368532020941529
"638","CCTTATGTCACTAATG.1",0.358509801885181
"639","CCTTATGTCCTGATTT.1",0.237959300008351
"640","CCTTCAGGTTTAGCGA.1",0.413807809339347
"641","CCTTCGGTCATGCAAC.1",0.446667275470942
"642","CCTTCGGTCCAAGTGT.1",0.162763145705509
"643","CCTTGCGTCGAGGAGT.1",0.144072622161815
"644","CCTTGTTCACAAACTT.1",0.556874097525453
"645","CCTTGTTCAGTTTGTG.1",0.484389840413151
"646","CCTTTAGTCAGGCCTA.1",0.140731759535531
"647","CCTTTAGTCTACCTAT.1",0.548698890384728
"648","CGAACCGGTTACTAGG.1",0.44487295687538
"649","CGAAGAATCTAAGGTC.1",0.607411430740014
"650","CGAAGCCTCACTAAGC.1",0.352972603959799
"651","CGAAGGCCACTGGCCA.1",0.26479488763995
"652","CGAATCTAGGATTTGC.1",0.523814976669207
"653","CGACTAAGTTTGGTTC.1",0.496985256114143
"654","CGAGCGAAGACACCGC.1",0.18446105886055
"655","CGAGCGAAGCAGCTCA.1",0.470183789316284
"656","CGAGCTGGTAATCGCA.1",0.443104370937445
"657","CGAGCTGGTCATTACC.1",0.861266898799578
"658","CGAGCTGGTTGTGATG.1",0.316390999614836
"659","CGAGGAAGTTACGCAA.1",0.403705411605313
"660","CGAGGAAGTTCCTGTG.1",0.293665701519578
"661","CGAGGTGAGGGCCATC.1",0.425033591603326
"662","CGATGTCCAAGCGAGC.1",0.426687497041231
"663","CGATGTCCATAGCTGC.1",0.563758003577598
"664","CGATTATCAGAGAGCC.1",0.640487187130825
"665","CGATTGAGTAATGACT.1",0.1088854144472
"666","CGATTGAGTGCATTTC.1",0.552994098413059
"667","CGATTGAGTGGAGCAA.1",0.464727219419508
"668","CGATTGAGTTGAAGCC.1",0.461021920970003
"669","CGATTGAGTTGTCCAT.1",0.430474486835133
"670","CGATTGAGTTTCCTCC.1",0.459847240282232
"671","CGATTTGCATTATGGT.1",0.421316742567253
"672","CGCAAATTCGGTTAGT.1",1.57688780086441
"673","CGCAATAGTCAAAGAA.1",0.365067584119275
"674","CGCAATAGTCTCACTG.1",0.540247092749026
"675","CGCAATAGTTGTAACG.1",0.416907270785295
"676","CGCAATCCAAATGCCC.1",0.614044764283811
"677","CGCAATCCAAGTAAGC.1",0.320436790160755
"678","CGCACAATCCTAGTAA.1",0.119643586802667
"679","CGCACACAGGAACCGG.1",0.548846258865241
"680","CGCATATAGATAAAGC.1",0.654006976840855
"681","CGCATATAGCTTCTCA.1",0.260957585752119
"682","CGCATGATCGACAAAG.1",0.495271741724729
"683","CGCATTACAGCCGCTA.1",0.477960947985569
"684","CGCATTACAGGCATCT.1",0.290135665576165
"685","CGCCAAATCGAAGTGA.1",0.129712853033317
"686","CGCCAAATCGCAACAT.1",0.667818642236342
"687","CGCCACACAGTAGCCT.1",0.271035049825233
"688","CGCTAATAGAGCCGCT.1",0.521854029558761
"689","CGCTACTTCCGTCCAT.1",0.257924288567845
"690","CGCTACTTCCTTGTTG.1",0.380941721333895
"691","CGCTATGAGCGTGCAC.1",0.362726445328024
"692","CGCTGTGCATAATGAG.1",0.333660496382027
"693","CGCTTACTCGCTAGTG.1",0.471852536042786
"694","CGCTTACTCTGGCATG.1",0.529351933893154
"695","CGGAATCGTAAGCTTG.1",0.392681539395463
"696","CGGAATCGTCAATAGT.1",0.353625992800869
"697","CGGAGCAAGACACTTA.1",0.118225601576475
"698","CGGAGCAAGACTCGCA.1",0.323623168717321
"699","CGGAGCAAGCAACATC.1",0.403259214767053
"700","CGGAGTCTCAATGTGC.1",0.516094619468419
"701","CGGATAAAGCGCTCAA.1",0.485010185905277
"702","CGGATAAAGTAACCAC.1",0.962918928002692
"703","CGGCAATGTTAGGCTA.1",0.668918707797845
"704","CGGCCATAGCCTAATA.1",0.638885948827841
"705","CGGCTAATCCGCACAA.1",0.337280119231423
"706","CGGCTAATCGGGATTT.1",0.189029373476648
"707","CGGCTAATCTCACTAT.1",0.496818976494961
"708","CGGGCTTAGCCTGACA.1",0.87620737643529
"709","CGGGTATGTTACGCAA.1",0.498495962011312
"710","CGGGTCTAGCCGCAAC.1",0.407153875105323
"711","CGGTAACGTGTTTGTC.1",0.671254281154859
"712","CGGTAACGTTACCGGG.1",0.270122943430047
"713","CGGTGAGAGAGAGGCT.1",0.287266895855847
"714","CGGTTATAGCTAATTG.1",0.0759439774473504
"715","CGGTTATAGTAAGGGC.1",0.479063613167629
"716","CGGTTATAGTTAGCCG.1",0.21322425183569
"717","CGGTTGGGTGTGTGGT.1",0.256450706650927
"718","CGGTTGGGTTTAGCTC.1",0.32156622620714
"719","CGGTTTCTCCCTGACT.1",0.18030930528964
"720","CGTAACCCACAGCCAT.1",0.590573324709196
"721","CGTAATGGTTGAGCCG.1",0.591968837143135
"722","CGTAATGGTTGGCGTG.1",0.582510608565444
"723","CGTACGGGTGCTAGCG.1",0.620969405253229
"724","CGTACGGGTTGCGTAA.1",0.387812010032676
"725","CGTATTGCATAGCTGC.1",0.500493255201172
"726","CGTCAATAGGCAATAG.1",0.327937290134285
"727","CGTCAATAGGGATGAC.1",0.65520680957713
"728","CGTCAATAGGGTTATC.1",0.111990321610984
"729","CGTCATTGTTTCGCCA.1",0.381339113278074
"730","CGTGACATCGCTCCAT.1",0.26490017717987
"731","CGTGCACAGACTCGCA.1",0.369705679126608
"732","CGTGCACAGGATAAAC.1",0.444863190489339
"733","CGTGCTTTCAGGGCCT.1",0.283789216455883
"734","CGTGTGTCATAGCTGC.1",0.474853524729128
"735","CGTGTGTCATTATGAC.1",0.188840310239181
"736","CGTGTGTCATTGGGAG.1",0.284405910948115
"737","CGTTAAATCGCTATAA.1",0.365982736027619
"738","CGTTAAATCTGGCAAT.1",0.474235016118606
"739","CGTTAGGTCACGCATG.1",0.52337363875298
"740","CGTTAGGTCCCTCAGT.1",0.0987034273059899
"741","CGTTAGGTCTTGCAAA.1",0.207948915548021
"742","CGTTAGTAGAACCTGT.1",0.509201978163992
"743","CGTTAGTAGCCTCTCG.1",0.243909385218629
"744","CGTTATTTCGCCTAAG.1",0.53872524252475
"745","CGTTGCAAGGTCCTGA.1",0.49118455836086
"746","CGTTGCAAGTAACCCG.1",0.666842794993218
"747","CGTTGCGCAGTTGCGT.1",0.382310954846685
"748","CGTTTGGAGGTCTTGG.1",0.487033596518899
"749","CGTTTGGAGGTTACAC.1",0.624094167723003
"750","CTAAAGCTCCCTCAAC.1",0.357374080731097
"751","CTAACCCTCAAATCGC.1",0.47646930282476
"752","CTAAGGTTCGTTCACC.1",0.483596468889724
"753","CTAATCGCAATAACCT.1",0.647217017996931
"754","CTAATCGCAATTGACT.1",0.791138837118695
"755","CTAATGTCAATGAAGC.1",0.207547371206289
"756","CTAATTGAGCTTCCCG.1",0.42482592535026
"757","CTACAACAGAAAGCAT.1",0.535523676696109
"758","CTACCGGCAATTGAGA.1",0.405312918348789
"759","CTACCGGCAGTTTACG.1",0.624716084145654
"760","CTACCTCAGCCAGTAT.1",0.194432039647557
"761","CTACGAAGTAGTAAGA.1",0.393681612519417
"762","CTACTAAAGCTCAATA.1",0.583220029485018
"763","CTACTAAAGTTTGAGC.1",0.50363393047554
"764","CTACTTAGTAAACAAG.1",0.54779591223512
"765","CTACTTAGTCACCAAA.1",0.366979088497956
"766","CTACTTAGTGTCCTGC.1",0.371231869987408
"767","CTAGCTGAGCTCGCTT.1",0.486101004359551
"768","CTAGCTGAGTTAGGCT.1",0.138002830084493
"769","CTAGCTTGTTTATCGC.1",0.283429331541807
"770","CTAGGCGGTGGATTAT.1",0.425036722337688
"771","CTAGTAATCAGTGAAG.1",0.227396659229279
"772","CTAGTCGAGAAAGGAA.1",0.223254270181748
"773","CTAGTCGAGTTAGAGG.1",0.523275181380736
"774","CTAGTGAGTCGACTAA.1",0.487275561662314
"775","CTATAACCAATTGACT.1",0.14703577286072
"776","CTATGACAGCAACATC.1",0.476699554441257
"777","CTATGACAGTAACTCA.1",0.538806298988246
"778","CTATGGCCACTAAGCC.1",0.36025367982859
"779","CTATGTTTCAGCTAAC.1",0.22420999499254
"780","CTATGTTTCCTGAGTG.1",0.431177739870502
"781","CTATGTTTCTACTAAG.1",0.533980940608395
"782","CTATTCAGTTTGGGTA.1",0.209439510847194
"783","CTATTGAAGCTCATAA.1",0.539451862524729
"784","CTATTGAAGGAACGGT.1",0.61181435245253
"785","CTCAATAAGCTGCACA.1",0.196460522337982
"786","CTCAATAAGGCACAGG.1",0.501202896610579
"787","CTCACACTCACAGCGC.1",0.429911497705752
"788","CTCACACTCAGTTCCC.1",0.499848900826868
"789","CTCACTCAGCGCATTG.1",0.462713503911754
"790","CTCACTCAGTGAACGA.1",0.797706436311688
"791","CTCAGGATCGCTAGAT.1",0.0786271093840241
"792","CTCAGGATCTTCAATC.1",0.36667256089767
"793","CTCATGCTCCTGGCTT.1",0.123223067800543
"794","CTCATTAGTAAGGTTT.1",0.492884237271269
"795","CTCATTAGTAATGGAA.1",0.575580348696999
"796","CTCCAAACATAGCTTG.1",0.0600286570878381
"797","CTCCAAACATTAAAGG.1",0.222827884820846
"798","CTCCAACTCATTGTTC.1",0.336566977642468
"799","CTCCAACTCGATAACC.1",0.311501603228212
"800","CTCCAACTCGTAATCA.1",0.491474304610535
"801","CTCCAACTCTCCTCTT.1",0.447720850604861
"802","CTCCCTGAGGCGAATA.1",0.516387135661009
"803","CTCCGGACATCACTTC.1",0.373579107898865
"804","CTCCGGACATTGGGAG.1",0.468667596217981
"805","CTCCGTCCACAGAAAC.1",0.589026672397356
"806","CTCGACAAGACTATTG.1",0.0800776708471928
"807","CTCGACAAGTAGGCGG.1",0.497881542340076
"808","CTCGCTAGTAAGGTCC.1",0.374090421578566
"809","CTCTAAGCACACCAAC.1",0.319731791043644
"810","CTCTAGCTCGTTAAGC.1",0.471300426823924
"811","CTCTATGTCCCTGATC.1",0.401386965006413
"812","CTCTCACAGGAGGCAT.1",0.536443312010687
"813","CTCTTGATCGAGCAAA.1",1.25943833668034
"814","CTGAAACTCTGTGCAG.1",0.367883876076131
"815","CTGAATATCCTAGTTT.1",0.21149639189735
"816","CTGACATAGGCTAATC.1",0.708745452183299
"817","CTGACCAAGCCTGACA.1",0.797011696642716
"818","CTGACCAAGGTTAGAG.1",0.463834686323423
"819","CTGATCACACTATGGC.1",0.568062409735051
"820","CTGCAATAGGGACCTC.1",0.451080177473393
"821","CTGCAATAGGTACCGC.1",0.327806087059306
"822","CTGCTCCCACGTAATT.1",0.418984613174199
"823","CTGCTCCCAGCAACCT.1",0.091092716654219
"824","CTGGACCAGCGCCTTT.1",0.354238445654787
"825","CTGGACCAGCTCAAAC.1",0.534384540289681
"826","CTGGACCAGTCACTCC.1",0.294909429653387
"827","CTGGCTAAGCGGATAA.1",0.394198289228491
"828","CTGGCTAAGTTGGATC.1",0.108839798246528
"829","CTGGTCAAGCCATCAG.1",0.492075836211992
"830","CTGGTTACAACAGGTG.1",0.156730619298381
"831","CTGGTTACAGGAACAT.1",0.263275662507686
"832","CTGGTTACAGTAGGTG.1",0.693201563824864
"833","CTGTAACAGCGCCTTT.1",0.117806823732668
"834","CTGTATTTCATGACCG.1",0.311291375386061
"835","CTGTGTGAGACAACAG.1",0.134234570885398
"836","CTGTTAAAGGGACGCA.1",0.564757151239714
"837","CTGTTAAAGGTTTGAC.1",0.478332874489239
"838","CTGTTGGAGTGCACGC.1",0.49455786236266
"839","CTGTTGGAGTTTAACG.1",0.60915715515882
"840","CTGTTTAGTTCACCAT.1",0.189099657250353
"841","CTTAACAAGTGGACAA.1",0.476492258816133
"842","CTTAAGGGTCATAACG.1",0.247690514139078
"843","CTTAATGAGTTTCCGC.1",0.386951481283095
"844","CTTACCGGTTTATGGG.1",0.4387147318693
"845","CTTACCTCAAACAACA.1",0.152824589209972
"846","CTTACTAGTCACTCGC.1",0.578265435595622
"847","CTTAGGAGTGTTGCAA.1",0.165167638740272
"848","CTTAGTTTCGTTTCGC.1",0.46758991933422
"849","CTTATGTTCTTAGGAC.1",0.663750216589352
"850","CTTATTGGTTGGTGAC.1",0.144579101206853
"851","CTTCAAGCACAATTAC.1",0.469848573166276
"852","CTTCAATTCGAGCAAA.1",0.0470798481962441
"853","CTTCACTCAACAGGAT.1",0.123277432905792
"854","CTTCGCGTCACTAGGT.1",0.578926815421295
"855","CTTCGCGTCCCTCAAC.1",0.574318371854317
"856","CTTCTAAGTCATTACC.1",0.416013133842035
"857","CTTGAACAGATTGAGG.1",0.205615407510695
"858","CTTGAACAGCGAAGTA.1",0.810945490425464
"859","CTTGACGAGAGAGGCT.1",0.285178746408528
"860","CTTGACGAGCTTTGGG.1",0.0955931033894816
"861","CTTGCATGTAAAGCGG.1",0.532894044922038
"862","CTTGCATGTGAGCGAA.1",0.430850640023144
"863","CTTGCGCGTAACGGGA.1",0.417991773914234
"864","CTTGCTCAGACAACAG.1",0.279291993296928
"865","CTTGCTCAGTGATTCA.1",0.0918324154912256
"866","CTTGTAAAGCAAGGAC.1",0.116424665366066
"867","CTTGTAAAGGATCCGC.1",1.66667839926859
"868","CTTGTAAAGGGTGAAC.1",0.577175827551368
"869","CTTGTAAAGGTTTACA.1",0.341463423175919
"870","CTTGTCCAGCTTGCTC.1",0.708908093812768
"871","CTTGTCCAGTAAGGGC.1",0.494352171469157
"872","CTTTATCAGCCTGACA.1",0.541100134713373
"873","CTTTATGGTAGCAGCT.1",0.333559998081627
"874","CTTTATGGTAGTTGGC.1",0.693754407999943
"875","CTTTGGTGTATCTGGA.1",0.627796263861223
"876","CTTTGGTGTTATCCTA.1",0.474092839802953
"877","CTTTGGTGTTGGCCGA.1",0.527579078061509
"878","CTTTGTCCAGGCTAGA.1",0.506068454326988
"879","CTTTGTCCATAAGTTC.1",0.151281361805773
"880","CTTTGTCCATGACTAT.1",0.0881550079613201
"881","GAAAGGCTCGTCCTTA.1",0.1939952810825
"882","GAACACAAGGGTGGAT.1",0.231668482188597
"883","GAACCAGCAATGCCCG.1",0.576059188941669
"884","GAACCTGTCTTTAGGA.1",0.498158443049741
"885","GAACCTTAGACTTATG.1",0.63613142174795
"886","GAACCTTAGGTCGATT.1",0.224645378432277
"887","GAACCTTAGTCTCACC.1",0.15006896243596
"888","GAACGAATCAATCTCT.1",0.515095933847909
"889","GAACGAATCTGTTCAT.1",0.572953749088154
"890","GAACTTATCGAAGTAG.1",0.140748408060051
"891","GAAGCCTGTACTTAGG.1",0.458230045292265
"892","GAAGCCTGTTGCATCT.1",0.262056987810957
"893","GAAGCTAAGTCAGTAC.1",0.149940218294345
"894","GAAGGAACACCTGCCT.1",0.185669416652536
"895","GAAGTAAGTTAACAGT.1",0.49519818258536
"896","GAAGTAAGTTTGGCGG.1",0.20540645371843
"897","GAAGTATAGGGACCTC.1",0.218733767357463
"898","GAAGTCAAGTTGCCTC.1",0.435692704554406
"899","GAAGTGATCTGTTGCC.1",0.286317872787873
"900","GAAGTGATCTTAAGTG.1",0.381965997764906
"901","GAATTTGTCATAATCG.1",0.388368380496192
"902","GAATTTGTCTATCGCC.1",0.213463975177426
"903","GACAATACAGAGAGCC.1",0.386465352111406
"904","GACAATACATTGCAGC.1",0.36549598155301
"905","GACACCGGTTAGGCTA.1",0.161653497430501
"906","GACCGAACAGGCATGA.1",0.517568651194591
"907","GACCGTTCATGTCGCG.1",0.182423300142918
"908","GACCTAGTCTTGTCTG.1",0.399169205157446
"909","GACCTCAAGCCTGATG.1",0.200355371615069
"910","GACCTCAAGGTCCTAG.1",0.344935303906005
"911","GACCTGATCCGCTAGA.1",0.48883574986356
"912","GACCTGCAGCACCACA.1",0.361513608789399
"913","GACCTGCAGTTAGCTA.1",0.586838124514115
"914","GACCTTTGTAACTACG.1",0.487147627465228
"915","GACGCCTAGCTTACTT.1",0.142713657838338
"916","GACGTAAAGAGGATAT.1",0.0772364923451542
"917","GACGTAAAGGTTAGAG.1",0.593546803406295
"918","GACTAATGTACCGAAC.1",0.531527785638485
"919","GAGAAACGTATTGGAT.1",0.537423803689894
"920","GAGAACCAGAGGCTAA.1",0.517537706611659
"921","GAGAACCAGTTGCGTG.1",0.49123482749871
"922","GAGAGGCGTCACTCGC.1",0.316913154424292
"923","GAGAGGCGTTGGTGAC.1",0.556725016161561
"924","GAGATAAGTATTTGGG.1",0.449742581113752
"925","GAGATAAGTTAATCGG.1",0.469205595114737
"926","GAGCAAATCCAAGTTA.1",0.562481235280754
"927","GAGCAAATCTTTGAGA.1",0.468938617114459
"928","GAGCAAGGTCAATAGT.1",0.757422821076228
"929","GAGCCTTCAATCTCTC.1",0.0709461449292711
"930","GAGCGAAGTTTCGCGC.1",0.0790260760241756
"931","GAGCGGTCACACCAAC.1",0.356614349557752
"932","GAGCGGTCATGAATCT.1",0.153679509637972
"933","GAGCTAGCAAGATTCT.1",0.431733316279466
"934","GAGCTAGCAATGCCCG.1",0.487241460820761
"935","GAGCTTAGTTGTAAAC.1",0.116751721393663
"936","GAGGAGGCAGCAGGTA.1",0.482409787570055
"937","GAGGCAAGTAACGGGA.1",0.183336644137624
"938","GAGGCCTTCTCAATGA.1",0.362069214276277
"939","GAGGCTTGTTAAGGTT.1",0.524708963904543
"940","GAGGCTTGTTTGAGCA.1",0.392988248976104
"941","GAGGGAGCACATTAAC.1",0.406722218291835
"942","GAGGGAGCATTGTGAT.1",0.412064104281565
"943","GAGGTACAGCTTCCCG.1",0.279998573395661
"944","GAGGTACAGGCTCATG.1",0.209639157670437
"945","GAGGTAGGTTTGGGCG.1",0.649773027670429
"946","GAGGTGAGTACTTCAC.1",0.361312229971399
"947","GAGGTGAGTATTTGCC.1",0.0944130369141839
"948","GAGGTGAGTCACGGAT.1",0.602371835276984
"949","GAGTATCTCCATTACT.1",0.516968027964747
"950","GAGTCATTCGCATTAA.1",0.267339929481386
"951","GAGTGTTTCCCATAGG.1",0.705714508695081
"952","GAGTTTGGTGAGAAAC.1",0.538563246279412
"953","GATAAAGGTGAGAAAC.1",0.16682730989262
"954","GATAAAGGTTCGGTAA.1",0.326392470643896
"955","GATAACGAGGCATGTT.1",0.651376424756039
"956","GATAACGAGTACCGCA.1",0.203532062454201
"957","GATAACGAGTTATGGC.1",0.470336375695607
"958","GATAAGCCACCCACCT.1",0.567766527327316
"959","GATAAGCCAGGAACAT.1",0.108153007211185
"960","GATAGACCATTGCGAC.1",0.278569121143543
"961","GATCAAGAGCCTAATA.1",0.493723179047577
"962","GATCAAGAGCGGGCAA.1",0.092223568452489
"963","GATCAGGCAAGCTTAT.1",0.646317648903592
"964","GATCAGGCATTATGCG.1",0.230251088842765
"965","GATCGAGCACGTGCTG.1",0.143047245132691
"966","GATCGCTCAGCTAACC.1",0.510175309195606
"967","GATGACTTCAAGCTAC.1",0.422839048889195
"968","GATGAGGGTATTCGTC.1",0.636976088531175
"969","GATGAGGGTCGTAATG.1",0.595928458307221
"970","GATGAGGGTTCACTGT.1",0.3691015417724
"971","GATGAGGGTTTACTTG.1",0.746829314126578
"972","GATGCGACATCCCGCT.1",0.444722779104196
"973","GATGCTTAGATTCCTT.1",0.35494967493953
"974","GATGGACAGGGTGGAT.1",0.537996928689613
"975","GATGGCTGTGCATTAG.1",0.394177289726934
"976","GATGGCTGTTTAACGG.1",0.416468858712503
"977","GATTACTCAGAACCGA.1",0.161528672130653
"978","GATTACTCAGCCTAAC.1",0.136648591982737
"979","GATTACTCATAGCGGA.1",0.632632724768143
"980","GATTACTCATGCTTAG.1",0.123713388145518
"981","GATTAGCTCCGTTATT.1",0.667460876087129
"982","GATTAGTGTCCTAATC.1",0.568157378581675
"983","GATTAGTGTTGCAATG.1",0.904089158477587
"984","GATTAGTGTTGGATCA.1",0.137563153364194
"985","GATTCAATCAATAGCC.1",0.41673752452457
"986","GATTCAGGTTAAGCCA.1",0.686060212600739
"987","GATTCAGGTTTACTTG.1",0.327772568751261
"988","GATTCATCATCTTGAG.1",0.509335266671322
"989","GATTGCAGTGCTCACC.1",0.0813456420494875
"990","GATTGCGTCTCCATAT.1",0.142477994814699
"991","GATTGCGTCTTTGACT.1",0.274308626378963
"992","GATTGGCGTTACAAAC.1",0.114222903375115
"993","GATTGGTTCTTGCATT.1",0.732238030416676
"994","GATTGTTCATGTCAGC.1",0.563038950726638
"995","GATTTGCAGGTGCGGA.1",0.448953733711339
"996","GCAACAGCAGGGAGCT.1",0.358510182540244
"997","GCAACAGCATAATCCG.1",0.0856326982136865
"998","GCAAGCCTCCTTAGGG.1",0.414671078098435
"999","GCAAGTCGTCACCTAT.1",0.471500176482988
"1000","GCAAGTCGTTTGGGCG.1",0.0937538319619373
"1001","GCAATAGAGTCGCTAG.1",0.469456730003068
"1002","GCAATATGTGCTTTAC.1",0.094175348448629
"1003","GCAATCTAGTCACCAG.1",0.329269936487683
"1004","GCAATGTTCATGAAGG.1",0.183305696868122
"1005","GCACATTAGCGGGCAA.1",0.073594902888011
"1006","GCACATTAGTAAGTCC.1",0.479179279443149
"1007","GCACCTAAGAGGAGGA.1",0.445485499075873
"1008","GCACCTAAGTCATTGA.1",0.619622727740284
"1009","GCACCTAAGTCGCAAT.1",0.273025615345963
"1010","GCACCTAAGTGTTGTA.1",0.112508711538051
"1011","GCACGAACAAGGTACG.1",0.482341674182367
"1012","GCACGAACAAGGTGGC.1",0.298601349368747
"1013","GCACGAACAGGATGGC.1",0.418663105624967
"1014","GCACGCTAGCAGGTGG.1",0.371755294564044
"1015","GCACGGTTCATGGTGT.1",0.56091488343772
"1016","GCACTAAGTAACCTAG.1",0.540560987304191
"1017","GCACTAAGTCGCATAA.1",0.412013876544249
"1018","GCAGCAACATAACGGG.1",0.706441318082476
"1019","GCAGCCAGTATTGGAT.1",0.191986749052528
"1020","GCAGCCAGTTCAAGAT.1",0.116296993867669
"1021","GCAGCTATCAAGCGCC.1",0.447651777308335
"1022","GCAGCTATCATGAAGG.1",0.942118382461028
"1023","GCAGGAAGTCAGTAAT.1",0.156957217776537
"1024","GCAGGAAGTTGTGACA.1",0.513033389653389
"1025","GCAGGACCAAACCTTG.1",0.350864815566911
"1026","GCAGGACCAACAACAA.1",0.336555717707597
"1027","GCAGGACCAGTTAGCC.1",0.243404585237255
"1028","GCAGGATAGCATTATG.1",0.260560219296363
"1029","GCAGGTTGTACCCACC.1",0.246253690845934
"1030","GCAGGTTGTAGCCATA.1",0.270365137573004
"1031","GCATATATCGAAGTAG.1",0.101408159802218
"1032","GCATCCTTCGATTATG.1",0.122877097450357
"1033","GCATGAAAGCTGTCAG.1",0.559850686243337
"1034","GCATGAAAGTCAATCA.1",0.48329993653893
"1035","GCATGAGCATTGACAT.1",0.215939459454301
"1036","GCCAACATCGCACAAT.1",0.0949519315715572
"1037","GCCAACATCGGTTTCC.1",0.409861532847568
"1038","GCCAATAGTCCTAACT.1",0.245028082470186
"1039","GCCAATTAGGCATTAC.1",0.330650382019727
"1040","GCCACACAGGAACGGT.1",0.380330542096845
"1041","GCCACACAGTTCCCGT.1",0.380124163955811
"1042","GCCACTAAGACTTATG.1",0.456713904060912
"1043","GCCACTAAGCACTAAC.1",0.614670675461129
"1044","GCCAGGAAGGAAGCTA.1",0.182583216491846
"1045","GCCAGGTTCACTCAAA.1",0.252537339167605
"1046","GCCAGGTTCGGTAACT.1",0.52022169437891
"1047","GCCCTCATCACGAATC.1",1.93562619811745
"1048","GCCCTCATCCGGTTAG.1",0.0914521202639744
"1049","GCCGTGAGTCGTAATG.1",0.482098305237298
"1050","GCCGTGAGTGATGAAA.1",0.329420858189874
"1051","GCCTCAAAGGACAATG.1",0.850636276308124
"1052","GCCTCAAAGTTACCGG.1",0.576420103015602
"1053","GCCTCCATCTTGAGGT.1",0.505192246296054
"1054","GCCTCGACATCCAGGT.1",0.439830544457719
"1055","GCCTGACAGATGCCTG.1",0.854914675380354
"1056","GCCTGACAGCCAAATC.1",0.345315304431509
"1057","GCCTGACAGTCACCTC.1",0.321067516485286
"1058","GCCTGAGGTCAGTAAT.1",0.578033245004211
"1059","GCCTGCTGTCACAAAT.1",0.0865479406757716
"1060","GCCTGCTGTCCGTAGG.1",0.190575750271771
"1061","GCCTGTGCACAAAGGT.1",0.579861420201148
"1062","GCCTGTGCATTAAAGG.1",0.617046198936628
"1063","GCCTTAACAATTGCGC.1",0.0955761906789569
"1064","GCCTTAACACACAATT.1",0.292257664952831
"1065","GCCTTAACATGCTCCC.1",0.463811115893733
"1066","GCCTTACTCGTTATAG.1",0.31523343865038
"1067","GCCTTAGAGGCGTAAA.1",0.195847125042537
"1068","GCCTTGCGTTATCCTA.1",0.0747420597092186
"1069","GCCTTTATCAGTATTG.1",0.291904562421566
"1070","GCCTTTATCATAGACC.1",0.183124963669623
"1071","GCGAAGCCATTGTGCA.1",0.512400401855911
"1072","GCGAAGTAGGGCCACT.1",0.257736304706474
"1073","GCGCAAACACTTCATC.1",0.394808415055967
"1074","GCGCAAACAGGCATCT.1",0.105801678066073
"1075","GCGCAATGTTTATTCG.1",0.598398963811119
"1076","GCGCTAGGTGGGTACT.1",0.757845357250995
"1077","GCGCTTAAGGACACTT.1",0.488905174511452
"1078","GCGGAACCACCACAAC.1",0.475330756573133
"1079","GCGGAACCAGCTTACA.1",0.404012229685827
"1080","GCGGGTTTCAATGACC.1",0.542540302440708
"1081","GCGGGTTTCACCATTT.1",0.405333214114774
"1082","GCGGGTTTCTACTAAG.1",0.448500335758151
"1083","GCGGTTATCAAACACC.1",0.0878029755414118
"1084","GCGGTTGGTCATTAGG.1",0.0864455192591051
"1085","GCTAACAGTTCGGTAA.1",0.310291986188106
"1086","GCTAACCCAGGAACTG.1",0.486806877803275
"1087","GCTAAGAAGGGTGAGT.1",0.338426185176041
"1088","GCTAAGAAGTTACTTC.1",0.0794965297517434
"1089","GCTAATATCACGAATC.1",0.32259038290162
"1090","GCTAGCGGTCATAACG.1",0.538540857235019
"1091","GCTAGCTCAGGAATCG.1",0.345277164647048
"1092","GCTAGCTCATTAAAGG.1",0.518013632835046
"1093","GCTAGTGTCAAGACTC.1",0.55198409260814
"1094","GCTATAGGTAGCCTAA.1",0.344754094924233
"1095","GCTATTGCATAGTCAT.1",0.305741386135879
"1096","GCTCAACCATCGCTTT.1",0.400288813575707
"1097","GCTCACAAGTGGCGGA.1",0.127911398380224
"1098","GCTCACAAGTTGTCAA.1",0.626304744262155
"1099","GCTCATTGTGGAAGGC.1",0.15151236839199
"1100","GCTCCTTAGACTTACA.1",0.0616404425635825
"1101","GCTCCTTAGTCACCAG.1",0.395242432812484
"1102","GCTCGATCAAGGTGGC.1",0.367622809323791
"1103","GCTCTGGCAAGGTAAC.1",0.528072738785742
"1104","GCTCTGGCAGCTTACA.1",0.485572131438156
"1105","GCTCTGTTCGGGACTC.1",0.17875797787754
"1106","GCTGACATCATAGACC.1",0.239283054271188
"1107","GCTGACATCTCACTAT.1",0.104975654815911
"1108","GCTGACCAGCCAGTAT.1",0.658088649396118
"1109","GCTGAGGAGGAAGTAT.1",0.402547190945162
"1110","GCTGATCCAACTGGCT.1",0.391537734209921
"1111","GCTGCAATCCAAGTGT.1",0.599248794256604
"1112","GCTGCATCACATAACT.1",0.479583459070492
"1113","GCTGCATCAGGACACA.1",0.565498547903406
"1114","GCTGGTTCAGCCTGCA.1",0.308544557039359
"1115","GCTGGTTCATGTTTGG.1",0.557802050852968
"1116","GCTGTGCAGCCAGGTC.1",0.60495490998597
"1117","GCTGTGCAGGGTTATC.1",0.455551780330238
"1118","GCTTAAATCACTCGCT.1",0.512010563714739
"1119","GCTTAAATCATGACCG.1",0.44881833347715
"1120","GCTTAAATCTCAATTC.1",0.155978137760899
"1121","GCTTAACAGGAGTCTT.1",0.543825512210602
"1122","GCTTAGTAGACAACGA.1",0.167316785661926
"1123","GCTTGACCAAGGACCA.1",0.271660924779466
"1124","GCTTGTTGTTGGATAT.1",0.267217501911838
"1125","GCTTTATTCCACCTTA.1",0.563600043806193
"1126","GGAAACTCATGACTAT.1",0.220173909009892
"1127","GGAACAATCCTGAGTG.1",0.492244653011386
"1128","GGAACCTGTACGATTG.1",0.245184750616273
"1129","GGAACCTGTGGAGCAA.1",0.354558032494902
"1130","GGAACGGTCCTGAATA.1",0.795358321885157
"1131","GGAACGGTCGATTTGA.1",0.350082281305965
"1132","GGAACGGTCGTTACTT.1",0.137938329293094
"1133","GGAACGGTCTCGACCT.1",0.300684520372799
"1134","GGAACTAAGTGAACCT.1",0.366170366030042
"1135","GGACATAAGACAAGTG.1",0.264658872343349
"1136","GGACCGAAGTGAACAG.1",0.893361258801112
"1137","GGACCTCAGTATCGCG.1",0.486215351805025
"1138","GGACGAAGTCATAACG.1",0.161504307281807
"1139","GGACTAAAGTAGCTTA.1",0.418126331634364
"1140","GGAGCAAGTCATTAGG.1",0.522644386353727
"1141","GGAGCATAGATAGACG.1",0.144339025631889
"1142","GGAGCATAGCTAAAGG.1",0.291304498908947
"1143","GGAGCATAGGTGAAAT.1",0.449345160026024
"1144","GGAGCATAGTATTGCA.1",0.524979279281836
"1145","GGAGCGATCAACAAGG.1",0.305214598255358
"1146","GGAGCGATCACCTGCT.1",0.242812605350171
"1147","GGAGGTTAGCTGGCTA.1",0.501393481904851
"1148","GGAGTGAGTTTAGCTC.1",0.489740573451148
"1149","GGATAACCACCAGGTT.1",0.23673731194172
"1150","GGATACTTCTGCAACG.1",0.589412627078054
"1151","GGATATTGTCGAAGTC.1",0.529923648477774
"1152","GGATTCAGTCCTTAGT.1",0.610382527061611
"1153","GGATTTATCAATTGGC.1",0.131492212890093
"1154","GGATTTATCTTGTTCG.1",0.812540296094401
"1155","GGCAAATCACCCACCT.1",1.93009335982211
"1156","GGCAAATCAGAGGGAG.1",0.227798454428354
"1157","GGCAAATCAGGAACTG.1",0.138389122670932
"1158","GGCAAGCCACAATGTT.1",0.371064233143622
"1159","GGCAAGCCAGGACCTT.1",0.225881272371962
"1160","GGCAATCGTGCGCATG.1",0.274739682146651
"1161","GGCAATCGTGGAAGGC.1",0.392458114442331
"1162","GGCATGGAGAGAGGCT.1",0.264120163204728
"1163","GGCATGGAGGGTTAGA.1",0.128706354652684
"1164","GGCATTGTCACTCGCT.1",0.135224699555558
"1165","GGCATTGTCAGGCCTA.1",0.268795817930105
"1166","GGCCATCAGTTAGCTA.1",0.222351165607885
"1167","GGCCTCTGTGGAGCAA.1",0.128802016370211
"1168","GGCGCTAGTGAGACTC.1",0.480841791262249
"1169","GGCGCTAGTTTATCGC.1",0.333270900994624
"1170","GGCGGTAAGAATGACG.1",0.511930885583968
"1171","GGCGTTATCATTGTCT.1",0.495253331806459
"1172","GGCGTTATCTAACTGA.1",0.161872960634451
"1173","GGCTAGACATAAGTTC.1",0.407742149489245
"1174","GGCTGAGAGAAACTGG.1",0.532418790089324
"1175","GGCTGGTTCCTTCGTA.1",0.0961470392081738
"1176","GGCTGTCAGCCTCTGT.1",0.454552865498192
"1177","GGCTTAAGTCGTTATC.1",0.645047835021373
"1178","GGGAATATCAGGAACA.1",0.521940804005232
"1179","GGGAATATCCATCAGG.1",0.292670964876483
"1180","GGGAATATCCCTCACG.1",0.17419652514057
"1181","GGGAGTAGTTGCATCT.1",0.538425546476599
"1182","GGGATAATCATTGTTC.1",0.0779066407217045
"1183","GGGCAATAGCACTTGG.1",0.573731092075669
"1184","GGGCATTGTAACGTGC.1",0.397120741688977
"1185","GGGCCTAGTAGCAGCT.1",0.555509898001544
"1186","GGGCCTAGTGAGCGAA.1",0.725870005624029
"1187","GGGCCTAGTTAGCATG.1",0.306359142841913
"1188","GGGCTAACAATTAGCT.1",0.0878116562722752
"1189","GGGTCAACATCCCGCT.1",0.128319647550255
"1190","GGGTCAACATCCTAGA.1",0.128769617970244
"1191","GGGTCACTCAGGCCTA.1",0.308338788742389
"1192","GGGTGTTGTTCAAGAT.1",0.16196142354773
"1193","GGGTGTTGTTCGGTAA.1",0.355023068496817
"1194","GGGTTACGTAGACAAA.1",0.100699492104861
"1195","GGGTTATTCTATTGTC.1",0.418702506171631
"1196","GGGTTTCCAATTAAGG.1",0.148711122060731
"1197","GGTAAACCATTATGCG.1",0.42121012502609
"1198","GGTAACCGTCGTAATG.1",0.516995663110643
"1199","GGTAACCGTTGCTTCG.1",0.277129375055254
"1200","GGTACTAGTGTCACGG.1",0.327364125225582
"1201","GGTACTTAGCTTAACA.1",0.470219232018019
"1202","GGTAGGAGTCAACAAT.1",0.58931194515376
"1203","GGTAGGAGTCATTGAG.1",0.507070341313796
"1204","GGTAGGAGTTTAGCTC.1",0.142346006391738
"1205","GGTATTGGTGTTTCAC.1",0.600724102734072
"1206","GGTATTGGTTCATCTA.1",0.468097482498122
"1207","GGTATTTCATTATGCG.1",0.554502508473972
"1208","GGTCAAGCAACTCGCG.1",0.454599056975113
"1209","GGTCAAGCACAACAAA.1",0.551290913511559
"1210","GGTCAGGAGAATGACG.1",0.343183310130324
"1211","GGTCCGTAGCCAGTAT.1",0.378047287193221
"1212","GGTCCTGCACCCACCT.1",0.40885627079311
"1213","GGTCCTGCACCCTCAC.1",0.0768143225270543
"1214","GGTCGGTTCAGGTCCA.1",0.318921616222344
"1215","GGTCGGTTCATAGACC.1",0.267124588603445
"1216","GGTCTTGAGGAGGACT.1",0.558295498466377
"1217","GGTGAGGTCCCTCAGT.1",0.589139224411924
"1218","GGTGATTTCACTTCAT.1",0.260301179533574
"1219","GGTGCTGGTTCAAGAT.1",0.762642059025913
"1220","GGTGCTTCAGTAGGAT.1",0.530562568544996
"1221","GGTGCTTCATGCATAT.1",0.168442341626493
"1222","GGTGTTGTCTTGCTAT.1",0.50452515441953
"1223","GGTTACCCAGCATGAG.1",0.224428492362213
"1224","GGTTACTAGTGAACCT.1",0.530803082953506
"1225","GGTTAGCGTCACCTAT.1",0.24536369868394
"1226","GGTTATATCACAAGCT.1",0.440420935456687
"1227","GGTTATGGTAATAGCT.1",0.260120713618382
"1228","GGTTCTTGTAGCTGCG.1",0.327891626829547
"1229","GGTTCTTGTTAAATGC.1",0.449252437763434
"1230","GGTTGAGCATTGGGAG.1",0.0868610170191527
"1231","GGTTGCGGTCAGGAAG.1",0.238834705900703
"1232","GGTTGCTCACCTGTAA.1",0.106606701844297
"1233","GGTTGGTGTAGTTAAC.1",0.512937670109582
"1234","GGTTTAATCACTAGGT.1",0.446730867364552
"1235","GGTTTAATCTCCATGC.1",0.512306223379326
"1236","GGTTTGTAGAATCGCT.1",0.113594895672846
"1237","GTAAAGCCACAAAGAC.1",0.403886355785491
"1238","GTAAAGCCACAGGAAT.1",0.305613006158602
"1239","GTAAGCTTCGATAACC.1",0.180257582903054
"1240","GTAAGGTCATTGCGAC.1",0.134233023883147
"1241","GTACACCCAACGTGCT.1",0.262131133518213
"1242","GTACACCCAGGCGAGT.1",0.514893415960039
"1243","GTACCGGGTTAGGTTG.1",0.537892694420353
"1244","GTACCTTGTCATTACC.1",0.342868194532251
"1245","GTACGTAGTACCGAAC.1",0.1512650459598
"1246","GTACGTAGTCCGGTTC.1",0.242285126598963
"1247","GTACGTAGTCTAACCT.1",0.492676647430963
"1248","GTACGTAGTGTGTCCC.1",0.139902443313453
"1249","GTACGTAGTTGTCCAT.1",0.500680978317927
"1250","GTACTAATCAATGACC.1",0.529722161359173
"1251","GTACTAATCCATAAGC.1",0.485237726203622
"1252","GTACTAGGTGTTGCTT.1",0.298733982729639
"1253","GTACTAGGTTGCGGAT.1",0.43160704677331
"1254","GTACTGGTCATGGCCA.1",0.156174957169812
"1255","GTAGCCATCAAGCTTA.1",0.270646816840192
"1256","GTAGCGCTCCGCCTAT.1",0.348111080007094
"1257","GTAGCTGTCCCGAAGC.1",0.253949343972864
"1258","GTAGGAGGTTTCCGGC.1",0.281026423965021
"1259","GTAGGCGAGCATGAAG.1",0.0837654769492401
"1260","GTAGGCGAGGTAAGGC.1",0.403017086594287
"1261","GTAGTTATCCTAGTCC.1",0.392697711587994
"1262","GTAGTTTCAAGGCCAA.1",0.453779393727242
"1263","GTAGTTTCATTAAAGG.1",0.342823851577583
"1264","GTATTCAAGTGAAGTG.1",0.746263663477589
"1265","GTATTGATCCCATAAA.1",0.943152466851936
"1266","GTATTGTCAATAATGG.1",0.408414711069487
"1267","GTATTGTCAGGAAGCC.1",0.569572094119298
"1268","GTCAAACTCCCGCCTA.1",0.0841035191355251
"1269","GTCATCACAATTGAAG.1",0.412580978058214
"1270","GTCATCACAGCATGTC.1",0.0828255502682037
"1271","GTCATCACAGCTTAAT.1",0.129467631415265
"1272","GTCATCCTCTAATCTC.1",0.244676626589728
"1273","GTCATGAGTGCCGCAA.1",0.207803733460082
"1274","GTCATGAGTTTAACCC.1",0.617675337326416
"1275","GTCATGAGTTTGGGTA.1",0.303535666960307
"1276","GTCATTAAGAACCTGT.1",0.790401652833556
"1277","GTCATTAAGTCAATTG.1",0.457131910745693
"1278","GTCCAAGTCCCGCAAA.1",0.177249354256112
"1279","GTCCAAGTCTACCTGC.1",0.24372647515217
"1280","GTCCTAGAGGATAAAC.1",0.278069262134697
"1281","GTCCTCCCAATAAGCA.1",0.436700595150395
"1282","GTCGAAGCAATGCGCT.1",0.429304345474349
"1283","GTCGAGGAGCAGGTGG.1",0.137447772285378
"1284","GTCGAGGAGGTGTCCA.1",0.283882852280131
"1285","GTCGGTTCAATCCTGA.1",0.385016970708563
"1286","GTCTAACAGGCGCATC.1",0.350535704389833
"1287","GTCTAATCATGGCCTG.1",0.445682251351386
"1288","GTCTAGCCAACATAAG.1",0.483756303305871
"1289","GTCTAGCCAATAGTCT.1",0.536992778927365
"1290","GTCTAGCCACAACAGG.1",0.655397181199029
"1291","GTCTAGCCATAAGTTC.1",0.63476117852978
"1292","GTCTATCGTCTTTATG.1",0.227645626038207
"1293","GTCTATCGTTTGGGTA.1",0.459061449064978
"1294","GTCTATGCAAGCGATG.1",0.349719052466856
"1295","GTCTCACTCTCCTCAA.1",0.432915791438543
"1296","GTCTTTAGTCCGGTTC.1",0.0999372638272302
"1297","GTCTTTGTCCCTGATC.1",0.557290310786747
"1298","GTGAACAAGTTCCCAC.1",0.407121325370683
"1299","GTGAACAAGTTTGGTA.1",0.159992859957458
"1300","GTGAATCTCGGGACTC.1",0.0612443897538974
"1301","GTGAATCTCGTCAAGT.1",0.151146112137722
"1302","GTGAATCTCTCACTAT.1",0.521967511553412
"1303","GTGAGCGAGTAACCCG.1",0.320577114159796
"1304","GTGATGAAGGACTTAC.1",0.104336332100914
"1305","GTGCACGGTGCGCGTA.1",0.395265463177711
"1306","GTGCACGGTTATTGCC.1",0.668330547778353
"1307","GTGCGGTTCAACAAGG.1",0.958093203990374
"1308","GTGCGGTTCTGTAAGC.1",0.412276932623736
"1309","GTGCTCCGTATCTGGA.1",0.497107532557492
"1310","GTGCTCCGTCAGTAAT.1",0.400840842632541
"1311","GTGCTCCGTTTACGTC.1",0.324631487596015
"1312","GTGCTGATCCGCACAA.1",0.189683275076235
"1313","GTGCTGATCTAACCAA.1",0.411159604551798
"1314","GTGCTTACACAATGCC.1",0.438649055903747
"1315","GTGCTTCTCCTGGTCT.1",0.367355277155015
"1316","GTGGACACAAACCTAT.1",0.263183046688091
"1317","GTGGACACAATGCCCG.1",0.246464243316327
"1318","GTGGATGCAGGAACTG.1",0.500971682162613
"1319","GTGGCTTCAGCTAACC.1",0.513572361898184
"1320","GTGGCTTCAGTTTGTG.1",0.287901311426871
"1321","GTGTAACTCAGGCCTA.1",0.511651234504999
"1322","GTGTAACTCCAGGTCA.1",0.140621583341931
"1323","GTGTAACTCCGCCTAT.1",0.615378229149293
"1324","GTGTCCAAGGTACCGC.1",0.156251388544629
"1325","GTGTGAGCAGATTCAT.1",0.0801386861427179
"1326","GTGTGCGGTGGCTTCC.1",0.187190903303889
"1327","GTGTGTTAGCCACATG.1",0.158968689566976
"1328","GTGTTACAGGTCATTA.1",0.181355614494891
"1329","GTGTTACAGTAAGAAC.1",0.37938479157015
"1330","GTTAACCAGCGGATTT.1",0.557828367365691
"1331","GTTAACCAGGAAACTG.1",0.613753521071293
"1332","GTTAACGGTTTATCGC.1",0.448058473677426
"1333","GTTAACGGTTTATTCG.1",0.10319135807957
"1334","GTTAACGGTTTGAGGC.1",0.550121642639458
"1335","GTTAAGCTCCAACTGG.1",0.446350239825726
"1336","GTTAAGTGTACTTAGG.1",0.562281665533414
"1337","GTTAAGTGTATGGTGC.1",0.577405858687659
"1338","GTTAAGTGTGCTCCGT.1",0.221205950002679
"1339","GTTACAGGTCAAAGAA.1",1.40773295879399
"1340","GTTACTAAGCACAGCC.1",0.0923697106078899
"1341","GTTACTAAGCTTACTT.1",0.183118218887568
"1342","GTTACTAAGGGATGAC.1",0.709045809828475
"1343","GTTACTAAGTTGGATC.1",0.460661224085428
"1344","GTTAGACTCTTGTCCA.1",0.384171599506646
"1345","GTTCACCTCAATCTAG.1",0.438371424411938
"1346","GTTCACCTCCCGAACA.1",0.0846467548805303
"1347","GTTCATTTCCTAATGA.1",0.100487077840377
"1348","GTTCCCAGTCTATCGT.1",0.262904600614859
"1349","GTTCCTTCACCTGCCT.1",0.310855405569624
"1350","GTTCCTTCATCCAGGT.1",0.426068096298273
"1351","GTTCGCGCACCTAAGC.1",0.348722982155314
"1352","GTTCTTGTCCTGAGTG.1",0.231783253908469
"1353","GTTGCATAGAGAGCCG.1",0.409843755906058
"1354","GTTGCATAGCCTAATA.1",0.266622389937377
"1355","GTTGCCCGTTACTTGC.1",0.433670286828305
"1356","GTTGCGGGTCTATCGT.1",0.113279581120111
"1357","GTTGGAGCACGTAATT.1",0.715171480413886
"1358","GTTGGCCAGCACAGCC.1",1.66857669715321
"1359","GTTGGCCAGCACTTGG.1",0.396185284874685
"1360","GTTGTGAGTGTGAGGA.1",0.526192615121912
"1361","GTTGTTGCACCACAAC.1",0.136157056313391
"1362","GTTTAACCAATAATCC.1",0.172464679973156
"1363","GTTTAACCACACCAAC.1",0.0832632142252948
"1364","GTTTAACCACGCAACT.1",0.140211317115331
"1365","GTTTAACCAGAGAGCC.1",0.489188815520728
"1366","GTTTAGCAGCAAGGTA.1",0.330819026121211
"1367","GTTTCAGCAAACCTAT.1",0.413334019570575
"1368","GTTTCCTCAAGCGATG.1",0.2125473079654
"1369","GTTTCCTCATAGCGGA.1",0.294383065168574
"1370","GTTTGTAAGGTCCGTA.1",0.603973500567476
"1371","GTTTGTAAGTAACCAC.1",0.294358885284999
"1372","TAACAAGCAGAAATGC.1",0.325804279902921
"1373","TAACCAGGTGTTTGCT.1",0.189335314467019
"1374","TAACCAGGTTTATCGC.1",0.0652094410318485
"1375","TAACCGGTCCGCAAAT.1",0.157071678961105
"1376","TAACCGGTCCTGAATA.1",0.150502764633326
"1377","TAACCGGTCGCGCTAA.1",0.571944698350793
"1378","TAAGCTGGTTAGGACC.1",0.519319450451111
"1379","TAAGGACCACATGCTA.1",0.977921902877653
"1380","TAAGGACCACCTGGTG.1",0.0848811377207679
"1381","TAAGGCTTCTTTGAGA.1",0.163858672107289
"1382","TAAGTAGCATCACTTC.1",0.459415569692392
"1383","TAATGCATCCTCAGCT.1",0.794508934885269
"1384","TAATGGACAACAACAA.1",0.65690138084523
"1385","TAATGGACAGGAACTG.1",1.76899367640438
"1386","TAATGGTGTGGATTGC.1",0.504886371060983
"1387","TAATGGTGTTAAGCTG.1",0.672873459333895
"1388","TAATGGTGTTTATTCG.1",0.635701571344177
"1389","TACAGGTTCCTCAGCT.1",0.540496480068169
"1390","TACATCAAGCATGACT.1",0.149138084302271
"1391","TACCAAATCCTGGCTT.1",0.148568430072737
"1392","TACCAAATCGATATTG.1",0.424284620893689
"1393","TACCCGGCATTGTCCT.1",0.57248848344902
"1394","TACCGAAGTAGTTAAC.1",0.623415800096438
"1395","TACCTGCTCCTCCCTC.1",0.540159920264504
"1396","TACCTTAGTCTAACAG.1",0.600376203609181
"1397","TACCTTTAGCAACAAG.1",0.175989985405201
"1398","TACCTTTAGCACTTGG.1",0.194693095799287
"1399","TACGCACCAGTATGTT.1",0.510297090373435
"1400","TACGCTTGTAACGGGA.1",0.103532594054811
"1401","TACGCTTGTAATCCCT.1",0.0851402432295212
"1402","TACGCTTGTTCCTGTG.1",0.373414134646314
"1403","TACGGATTCAATAGCC.1",0.359965565706791
"1404","TACGGTTAGTAGGATG.1",0.299819200739124
"1405","TACGTAATCTCCTCAA.1",0.188744729974175
"1406","TACGTACAGCGGGCAA.1",0.149476478551777
"1407","TACGTTAAGGCAGGTG.1",0.373828015439119
"1408","TACTAAGTCGTCAAGT.1",0.10424577164257
"1409","TACTCAAAGAACCTAC.1",0.277691680085235
"1410","TACTCGCTCAAGTGTC.1",0.0981111342120652
"1411","TACTGACAGGCTCATG.1",0.266889148311247
"1412","TACTGAGGTTACGCAA.1",0.144554640564758
"1413","TACTGGCCAACTAGGG.1",0.325222502375016
"1414","TACTTCGTCATGTGGT.1",0.363664314384206
"1415","TAGCATATCATAACTG.1",0.279081670014744
"1416","TAGCATATCTCACTAT.1",0.592025459273786
"1417","TAGCCTGAGACAGGCG.1",0.390659140462493
"1418","TAGCCTGAGCTACTGG.1",0.177352938119593
"1419","TAGCCTTGTCAATACG.1",0.491290886272157
"1420","TAGCGGACAATCCTGA.1",0.207441609036524
"1421","TAGCGGACAGCATGTC.1",0.417949455169491
"1422","TAGCGGCTCACTTTAC.1",0.804308597307594
"1423","TAGCGGCTCATGAAGG.1",0.229628683047381
"1424","TAGCTAGGTATTCGTC.1",0.668409092962698
"1425","TAGCTTGCAAACTAAG.1",0.191704925841221
"1426","TAGCTTGCATTTGCTC.1",0.616881119860179
"1427","TAGGAACCAGTTTGTG.1",0.528947206245407
"1428","TAGGAGGGTATTACCC.1",0.246829376483827
"1429","TAGGAGGGTCCTTCAG.1",0.297947792959933
"1430","TAGGAGGGTTTGAGGC.1",0.38925712716507
"1431","TAGGAGTCACTGGCTG.1",0.267217175318956
"1432","TAGGCTAGTCACCAAA.1",0.296239129918361
"1433","TAGGCTAGTCGCAATA.1",0.42492276110198
"1434","TAGGCTAGTTCCTGAT.1",0.208827534295236
"1435","TAGGTGCGTTGAGCCG.1",0.435919933109846
"1436","TAGGTGCGTTGTTGGA.1",0.482845632353633
"1437","TAGGTTATCATAGACC.1",0.369016546182441
"1438","TAGGTTATCCTTGTTG.1",0.500067421195148
"1439","TAGGTTGGTGGGAACA.1",0.566204526670784
"1440","TAGTAAGCAGGGAGCT.1",0.182520631913587
"1441","TAGTAAGCAGTAAAGC.1",0.570394580086492
"1442","TAGTAAGCATAATCCG.1",0.13746364383931
"1443","TAGTACGGTCGCAAAC.1",0.254619443939674
"1444","TAGTACGGTTAATGAC.1",0.0686354300133378
"1445","TAGTAGGAGCCTGTTC.1",0.168884718857157
"1446","TAGTAGGAGGTTACAC.1",0.32813108639718
"1447","TAGTGAGAGATAAAGC.1",0.366839710571281
"1448","TAGTGGCGTGTTCCCA.1",0.272908700901485
"1449","TAGTGTGGTGATGGCT.1",0.555739871471092
"1450","TATAGCCAGACACTTA.1",0.116588272733611
"1451","TATAGCTCATTGTGGC.1",0.13304596558013
"1452","TATATCCTCAGTTCCC.1",0.0655743903215298
"1453","TATATCCTCATTTGTC.1",0.373225597595467
"1454","TATATCCTCCGCAACA.1",0.767551555747919
"1455","TATCCAGCATAACGGG.1",1.03520044746252
"1456","TATCCGGAGCCTCTGT.1",0.592774900490583
"1457","TATCGAGGTGATGAAA.1",0.270655391894362
"1458","TATCGAGGTGTGAGGA.1",0.425651632261666
"1459","TATCGCACACAAAGCG.1",0.21298691276301
"1460","TATCGCGAGGGTTATC.1",0.27329716037419
"1461","TATGAAGCATTTGCTC.1",0.547999537096242
"1462","TATGCATCAGAACCGA.1",0.325474493683214
"1463","TATGGATGTTCCTGAT.1",0.432438673126537
"1464","TATGGCCCACAGCCTG.1",0.267530054105647
"1465","TATGGCCCACATTAAC.1",0.103557498043479
"1466","TATGTGATCTAACCTT.1",0.553614890459706
"1467","TATTACCTCCTTAGGG.1",0.28970159379051
"1468","TATTACCTCGTTATCT.1",0.18445558292898
"1469","TATTAGGTCGATTTAG.1",0.55242023359372
"1470","TATTAGGTCGGCTAGC.1",0.56155688030091
"1471","TATTCGTTCGGTTAGT.1",0.0768832689125527
"1472","TATTGACCAAGTCGCT.1",0.114594183332527
"1473","TATTGACCAGCAACAG.1",0.368502617211632
"1474","TATTGACCAGCTTAAT.1",0.61811926925346
"1475","TATTTGCTCTAAGTCA.1",0.564702796795231
"1476","TATTTGGAGTTAGACC.1",0.434772336558362
"1477","TCAACAATCATTACAG.1",0.0977179533638247
"1478","TCAAGACTCCGTTAAA.1",0.370201537713097
"1479","TCAAGCTAGTTGTCAA.1",0.395328409317739
"1480","TCAAGGAAGGGTCTAT.1",0.767952963390315
"1481","TCAAGGTTCCGGGACT.1",0.247537187359511
"1482","TCACATAAGGCTTAGT.1",0.210244404717876
"1483","TCACCGGCAACTAGCC.1",0.409790810262763
"1484","TCACCGGCAATTTGGT.1",0.555705445059994
"1485","TCACCGGCATTAGGCC.1",0.257191291538241
"1486","TCACGGATCTCCATGC.1",0.415973083627155
"1487","TCACTGACAGTTTGTG.1",0.355639592922884
"1488","TCAGCAAGTAATCCCT.1",0.507075545514206
"1489","TCAGCAAGTTACTAGG.1",0.513032509419285
"1490","TCAGCCTTCCTCCTAA.1",0.232807785585941
"1491","TCAGCGATCTTTAGGA.1",0.441917289463546
"1492","TCAGGAGCAAATACCT.1",0.344210780024526
"1493","TCAGGTCCATAAGGAC.1",0.667657395279711
"1494","TCAGTAATCGAGGAAC.1",0.55607203774046
"1495","TCAGTAGGTTGCGTAA.1",0.728721043761968
"1496","TCAGTGAGTGAATCGC.1",0.72657911691444
"1497","TCATACTTCCGCAAAT.1",0.675677453655368
"1498","TCATACTTCGGTCAGC.1",0.199977788605264
"1499","TCATTGCGTGTTGCAA.1",0.463003450307287
"1500","TCATTGCGTTTATCTG.1",0.46675360758207
"1501","TCATTGTTCATAGCCG.1",0.481271202874708
"1502","TCATTTGGTCATCATC.1",0.102650074176344
"1503","TCATTTGGTGATGATT.1",0.632172230027953
"1504","TCCACAACAAACAACA.1",0.981216849968185
"1505","TCCAGCAAGCACTTGG.1",0.324094869038233
"1506","TCCAGCAAGCTTAACA.1",0.279775883734233
"1507","TCCAGCAAGCTTACTT.1",0.522743719162892
"1508","TCCAGCAAGGTTAGCT.1",0.310639854558351
"1509","TCCAGGATCAATACGC.1",0.536865589969392
"1510","TCCAGGATCTACCTAT.1",0.500894934135691
"1511","TCCATCATCAAGTGAG.1",0.135834251619283
"1512","TCCATGCTCCCGCAAA.1",0.472763654615593
"1513","TCCCTGGTCTTGCAGG.1",0.452858965440186
"1514","TCCGCCATCATTTGCT.1",0.0865465044066827
"1515","TCCGGTAAGGCATGAA.1",0.313766984239304
"1516","TCCGGTAAGTAACCAC.1",0.104769400129375
"1517","TCCGGTTTCAAGCCTG.1",0.890644976891137
"1518","TCCGGTTTCACTCGCT.1",0.60691190190702
"1519","TCCTAGTGTATTGAGT.1",0.162021473997111
"1520","TCCTAGTGTTTCGCGC.1",0.0923546738481
"1521","TCCTCAATCAGTGAAG.1",0.490091777209265
"1522","TCCTCACAGTGACCTG.1",0.576172656838758
"1523","TCCTCTAAGTCAGGCC.1",0.224571953080006
"1524","TCCTGGTTCCCTCATA.1",0.163554929731219
"1525","TCCTGGTTCGAAGTAG.1",0.211318744878032
"1526","TCCTGGTTCTAAGTGC.1",0.156434675127267
"1527","TCCTTCAAGCAAGATG.1",0.535266339910798
"1528","TCCTTCAAGCTAATCA.1",0.184065380235305
"1529","TCGACAAGTAAATTGC.1",0.410999738280013
"1530","TCGATTAAGGCATGTT.1",0.569343096256145
"1531","TCGCATTGTAACTACG.1",0.213693967485099
"1532","TCGCCCATCCAGGTCA.1",0.367438103984018
"1533","TCGCCCATCCGCTAGA.1",0.0864403837742255
"1534","TCGCGAGGTTAACACG.1",0.345953882089878
"1535","TCGCTAACAAGGTGCA.1",0.392936171228081
"1536","TCGCTAACAATCATGT.1",0.27746900832129
"1537","TCGCTAACATTGTCCT.1",0.441210088868437
"1538","TCGGTAAGTCACGGAT.1",0.617280008296632
"1539","TCGGTTACACTCAACA.1",0.26713151211093
"1540","TCGGTTCTCACTTCAT.1",0.38187100288381
"1541","TCGTAATCAATCCTAG.1",0.698414940906972
"1542","TCGTCAACACAAGCCT.1",0.3590322672249
"1543","TCGTGCTTCTTGTCCA.1",0.898073743471023
"1544","TCGTTAAAGTCTTGAA.1",0.130947365450683
"1545","TCGTTAGCATGCTTAG.1",0.271051341690206
"1546","TCGTTATTCCAAGTGT.1",0.472114013161636
"1547","TCTAATCTCACGTTAA.1",0.423357669492589
"1548","TCTACCTCAATTAGGA.1",0.357683248956207
"1549","TCTAGCACAGCATTAT.1",0.455919986803521
"1550","TCTCAAGCAAACGGGC.1",0.595239218881493
"1551","TCTCAATTCATGGTTA.1",0.537791350180562
"1552","TCTCACCAGTCTCACC.1",0.342813699511513
"1553","TCTCCTCGTCACGAAC.1",0.583820350284527
"1554","TCTCCTCGTCCGTAGG.1",0.344677049234787
"1555","TCTGTGACAATTAGGA.1",0.105754673069924
"1556","TCTTAGTTCATCCACC.1",0.540834992357643
"1557","TCTTAGTTCCTTAGGG.1",0.390600621832137
"1558","TCTTAGTTCTATTGTC.1",0.158933542486937
"1559","TCTTCAAGTTTGGCTT.1",0.447045423071171
"1560","TCTTGACGTGTTTGTC.1",0.514626148478615
"1561","TCTTGTCCAAAGGTAC.1",0.208092671859843
"1562","TGAAACTGTTACTTGC.1",0.510417833391287
"1563","TGAACAGAGTATTGTG.1",0.334130646417369
"1564","TGAACAGAGTGAACAG.1",0.529147758867342
"1565","TGAAGCAAGTTACCGG.1",0.202732316356658
"1566","TGAAGGATCATCAGTA.1",0.76275152540419
"1567","TGAAGTGAGTGAGCGG.1",0.510903848527983
"1568","TGACCAAGTTGTGACA.1",0.484070194004355
"1569","TGACCTTGTGTCCAAA.1",0.236915617128861
"1570","TGACTTAAGGGTGAGT.1",0.535783787482363
"1571","TGACTTAAGGTATTGC.1",0.433847421311234
"1572","TGACTTAAGTAGAGGC.1",0.423047806497315
"1573","TGAGCAAAGCTGTAAC.1",0.171868259219703
"1574","TGAGCCGGTAACGGGA.1",0.646440830366163
"1575","TGAGCCGGTGTGCACG.1",0.509656671961768
"1576","TGAGCCGGTTCGCGCT.1",0.507815524512076
"1577","TGAGGAGGTCGCAATA.1",0.444899790844788
"1578","TGAGGAGGTTTGGGTA.1",0.472333302852196
"1579","TGAGGCACAAACCTTG.1",0.523730721392648
"1580","TGAGGCACATTAGGCC.1",0.332859042398765
"1581","TGAGGGCCAAGGCCAA.1",0.550793799746024
"1582","TGAGGTGCATACTCCT.1",0.319470785552366
"1583","TGAGTGAAGGGCTAAA.1",0.360471597818157
"1584","TGAGTGAAGTTAGCCG.1",0.566712491801144
"1585","TGAGTTTCAATGCGCT.1",0.536672190111453
"1586","TGAGTTTCATCCCGCT.1",0.587545264988192
"1587","TGATCACAGGTCCACA.1",0.320778186439073
"1588","TGATCAGGTCCTTAGT.1",0.0874908898983942
"1589","TGATCGAGTTAGAGCC.1",0.379223130814488
"1590","TGATGACTCACGCATG.1",0.636411311351753
"1591","TGATGACTCTTCAATC.1",0.614321972599754
"1592","TGATGATGTCAGTAAT.1",0.375597807991417
"1593","TGATGATGTCGTTACT.1",0.0806791622819042
"1594","TGATGATGTTATAGCG.1",0.507231575086808
"1595","TGATTAGTCTTGAGCG.1",0.264627981088772
"1596","TGATTCAAGCTTAGTA.1",0.163312266949827
"1597","TGATTCAAGTGCACGC.1",0.67648072723819
"1598","TGATTGCAGCTTTGTT.1",0.535174116664983
"1599","TGATTGCAGGCTGGCT.1",0.487273499636288
"1600","TGCAATATCCTTAATC.1",0.414647883323331
"1601","TGCAATATCTGTAAGC.1",0.125168807226777
"1602","TGCACACCAGTTTGTG.1",0.154006822354789
"1603","TGCACCTTCTTTAGGA.1",0.207962618074903
"1604","TGCACTTGTAGGATTT.1",0.382395356430796
"1605","TGCAGGCTCCTCCCTC.1",0.492504420041333
"1606","TGCATGAGTTGAGGTC.1",0.212266884199374
"1607","TGCATTAAGGTGAAAT.1",0.441668161515956
"1608","TGCCGGTAGCTGTAAC.1",0.368353541162084
"1609","TGCCGGTAGGCCTTAG.1",0.423506511973323
"1610","TGCCGGTAGGTCCGTA.1",0.450712473125776
"1611","TGCCTGTTCCGCCTCA.1",0.364541951196189
"1612","TGCCTGTTCCTTGAGG.1",0.512555053821647
"1613","TGCCTGTTCGATATTG.1",0.348903454473367
"1614","TGCCTGTTCGTTATAG.1",0.367287045066475
"1615","TGCGGTTCATTATGAC.1",0.711391053238736
"1616","TGCTAACAGGCCTGGT.1",0.234579442934997
"1617","TGCTAGCCAGGTCCTG.1",0.206408670489213
"1618","TGCTATGCATCTTGAG.1",0.127420281001353
"1619","TGCTCAACAGGTTTGC.1",0.625662009402815
"1620","TGCTCAACATCCTAGA.1",0.56625444863141
"1621","TGCTCAACATCTTGAG.1",0.420854857757625
"1622","TGCTCACTCAATTACG.1",0.439107939205182
"1623","TGCTCTCAGCTCCCTG.1",0.511768341476195
"1624","TGCTGGATCCTTAAGA.1",0.335530845296385
"1625","TGCTTAAAGCGAGTAA.1",0.429238968660662
"1626","TGCTTGCTCGTTATCT.1",0.194253103533249
"1627","TGCTTGCTCTTGTCTG.1",0.610433707836076
"1628","TGCTTGTGTGTTTGTC.1",0.149704966342191
"1629","TGCTTTAGTTTGGGCG.1",0.178903712926
"1630","TGGAACAAGGTAGCTT.1",0.718410721041253
"1631","TGGACCGGTCGCATAA.1",0.559434362671242
"1632","TGGACGGAGAGGCTAA.1",0.579812634342577
"1633","TGGCCAATCATGCTCC.1",0.118300827517042
"1634","TGGCCAATCCACCTTA.1",0.439049780189689
"1635","TGGCCATCAACTCGCG.1",0.569498924456465
"1636","TGGCCATCACAAGCCT.1",0.232656865871441
"1637","TGGCGGTTCCCGTTTA.1",0.510315924744783
"1638","TGGCTAAGTGACATGC.1",0.492954482112934
"1639","TGGCTATAGGCTTAGT.1",0.765925535831122
"1640","TGGGCATGTAGGTTGC.1",0.545783708069596
"1641","TGGGCATGTTAACGAT.1",0.396859458276845
"1642","TGGTAAACAAGGGTTG.1",0.528835524744445
"1643","TGGTAAACAATGAGGT.1",0.519193456754756
"1644","TGGTAAACACAAAGCG.1",0.388279191204487
"1645","TGGTCAAGTATTGGAT.1",0.227832937641838
"1646","TGGTCCTTCATGGCTG.1",0.0923136223651998
"1647","TGGTCCTTCCCGAAGC.1",0.316256755698313
"1648","TGGTCCTTCCCGCATT.1",0.0429556768098901
"1649","TGGTGATTCCGGCTAA.1",0.510858843401351
"1650","TGGTGATTCTGCAAGT.1",0.337805118328425
"1651","TGGTGCATCGGTTAGT.1",0.117339528615183
"1652","TGGTGCATCTCATCAT.1",0.455175532038771
"1653","TGGTTAATCACCGGTA.1",0.308747750701463
"1654","TGGTTAATCCAGGTCA.1",0.47007641847786
"1655","TGGTTAATCCGGCTAA.1",0.502668976785822
"1656","TGGTTAATCCTAAATG.1",0.322791541084781
"1657","TGGTTCCTCAAGTGAG.1",0.352434415480204
"1658","TGGTTCCTCCCTGATC.1",0.477223273197771
"1659","TGGTTCCTCTTTGAGA.1",0.13663670374487
"1660","TGGTTCTGTAGACAAA.1",0.374852001940841
"1661","TGGTTCTGTGATGAGG.1",0.449493603164925
"1662","TGGTTGAGTGCATTAG.1",0.249733060352772
"1663","TGGTTGAGTGTTGCAA.1",0.385931468978925
"1664","TGGTTGAGTTTAACCC.1",0.657686159409388
"1665","TGTAAAGCAAGGTCCT.1",0.456075235606427
"1666","TGTAAAGCAGCTTAGC.1",0.305241944797121
"1667","TGTAACTCAAACAACA.1",0.339160957802199
"1668","TGTAACTCAATCCTGA.1",0.25070173235997
"1669","TGTAACTCATAAACCT.1",0.196141741341276
"1670","TGTAACTCATGTCGCG.1",0.582765626001499
"1671","TGTAAGCTCATCACTT.1",0.601939434778006
"1672","TGTAAGCTCCGGTTGA.1",0.263644588326573
"1673","TGTAAGTGTAAAGCGG.1",0.394274820571719
"1674","TGTAAGTGTCGTAAAT.1",0.398909294431945
"1675","TGTAATGTCTTGAGCG.1",0.425212016781756
"1676","TGTATCCGTACCAGGT.1",0.137366077919172
"1677","TGTATCGCAAGGTCCT.1",0.145908560242613
"1678","TGTCCTGGTGGAAACG.1",0.715595255957657
"1679","TGTCCTTCATCACAGC.1",0.360479613123186
"1680","TGTGATCAGTTGCCTC.1",0.27125209700022
"1681","TGTGCGCAGCATTAGC.1",0.0918804633658159
"1682","TGTGCTGAGACAAACG.1",0.142607795398783
"1683","TGTGGAGCACAGCCTG.1",0.52117543298755
"1684","TGTGGAGCACCTGCTC.1",0.390104972940554
"1685","TGTGGCCAGCTTCCCG.1",0.415038846586535
"1686","TGTGGCGGTTAGCATG.1",0.414852523320441
"1687","TGTGGCTCACTGGCCA.1",0.415960441860684
"1688","TGTGTGAGTATGGTGC.1",0.0898382905267467
"1689","TGTGTTAAGCTTAACA.1",0.362337523874086
"1690","TGTTATGAGATTGAGG.1",0.526961243951384
"1691","TGTTATGAGCCACATG.1",0.321928661634614
"1692","TGTTCATTCGCTATAA.1",0.423347561797262
"1693","TGTTCATTCTTAGTCT.1",0.714595430703904
"1694","TGTTGGCCATTAAGCT.1",0.417941877134091
"1695","TGTTGTAAGTAGGATG.1",0.102434392728684
"1696","TGTTGTTTCAGGTTTA.1",0.339528469452914
"1697","TGTTGTTTCCACCCTG.1",0.287824455003312
"1698","TGTTTGTTCAAACTCA.1",0.582847736265191
"1699","TGTTTGTTCCTCCATA.1",0.411015373674887
"1700","TTAAAGGCACCTCAGG.1",0.993393239194263
"1701","TTAAAGGCACTAAGTT.1",0.5400862626022
"1702","TTAAAGGCAGGAACTG.1",0.289265019858017
"1703","TTAACTGAGCTACTGG.1",0.24505802345847
"1704","TTAACTGAGCTTCCCG.1",0.0683978639001326
"1705","TTAACTGAGGCAATAG.1",0.224522653059925
"1706","TTAAGTGTCAGTATTG.1",0.226040545794098
"1707","TTAAGTGTCGCTAGCA.1",0.461151372495573
"1708","TTAATCGAGGAGGCAT.1",0.252840100962467
"1709","TTACACCGTGGACCTG.1",0.491774474659254
"1710","TTACCTGTCCTGTTCA.1",0.109691096321206
"1711","TTACCTGTCCTTAGTT.1",0.415220200406999
"1712","TTACGTTTCCCGAAGC.1",0.633216278832297
"1713","TTACGTTTCCTCATCA.1",0.585026398278169
"1714","TTACGTTTCTAACCTT.1",0.492983509888637
"1715","TTAGAAGCACCTACGG.1",0.44425421829337
"1716","TTAGCAATCTAGCTTT.1",0.0833622577152059
"1717","TTAGCCTGTCTCAGCC.1",0.254897187816535
"1718","TTAGCGGTCTATGACA.1",0.324787335862483
"1719","TTAGCGGTCTTGCTAT.1",0.482847755532652
"1720","TTAGGAACACAATTAC.1",0.540775424090915
"1721","TTAGGATGTCAAGACC.1",0.135976979982423
"1722","TTAGGATGTCAATGTG.1",0.443623535967961
"1723","TTAGGCTAGCACTTGG.1",0.410131348257466
"1724","TTAGGCTAGGTGCGGA.1",0.135220359912714
"1725","TTAGGCTAGTAAGGGC.1",0.497307432382245
"1726","TTAGTCAAGCATGACT.1",0.543503434979882
"1727","TTAGTCAAGGGTGAAC.1",0.55441593739127
"1728","TTATAGCCACAACAGG.1",0.341652208091303
"1729","TTATCCGTCATTATGG.1",0.263043850820438
"1730","TTATCCGTCGATTCTT.1",0.248679483707835
"1731","TTATCCGTCTATTGTC.1",0.501744991533158
"1732","TTATGCGCACTTAGGC.1",0.131495762207332
"1733","TTCAACCGTAACGGGA.1",0.315599818300227
"1734","TTCAACCGTTCGGTAA.1",0.496592145737759
"1735","TTCACTGTCTGTAAGC.1",0.570886397999193
"1736","TTCAGGTAGTTAACCA.1",0.457869291910541
"1737","TTCAGTTTCATTTGTC.1",0.615885762326174
"1738","TTCAGTTTCCTCATCA.1",0.626899645272373
"1739","TTCATTCAGCTATGAC.1",0.566605721837235
"1740","TTCATTCAGGAACGGT.1",0.65212132872657
"1741","TTCATTCAGGTGTTAC.1",0.601925998137925
"1742","TTCATTCAGTTTAACG.1",0.569134403448066
"1743","TTCCCACAGTAGGCGG.1",0.586563292663249
"1744","TTCCCACAGTGCACGC.1",0.720742678136576
"1745","TTCCCGCCAAGGAATC.1",0.44924789740753
"1746","TTCCTCAAGACTATTG.1",0.445150355902035
"1747","TTCCTCAAGGCGCTTA.1",0.566650088264576
"1748","TTCCTTCTCCGTTAAA.1",0.0865460233427061
"1749","TTCCTTGAGCACAGAA.1",0.112953930938588
"1750","TTCGCAACACAAAGCG.1",0.723373145715406
"1751","TTCGGTACATTATGCG.1",0.489782357350745
"1752","TTGACGTAGCCAGTAT.1",0.538576467713317
"1753","TTGAGGCGTCCCGAAG.1",0.45801993094144
"1754","TTGCAACAGGTCATTA.1",0.623877156275117
"1755","TTGCAACAGTGAGGTA.1",0.544338972109644
"1756","TTGCACACATGAAGTA.1",0.532466505022802
"1757","TTGCACACATGGCCTG.1",0.403160245199638
"1758","TTGCAGCCAGTTATCG.1",0.283652953051131
"1759","TTGCAGCCATGGAGGC.1",0.475265639126659
"1760","TTGCAGCCATGGCCTG.1",0.55343165203423
"1761","TTGCATTTCTTTGTAC.1",0.331163698712644
"1762","TTGCCCGTCGTTCACC.1",0.527030381268722
"1763","TTGCGAGTCCTGTTCA.1",0.165656718750288
"1764","TTGCGTCTCTTGCTAT.1",0.133335530043246
"1765","TTGCTCTCAAGACTCC.1",0.110585755395106
"1766","TTGCTCTCACCAACCG.1",0.210612444923818
"1767","TTGCTTAGTGTTTGAG.1",0.384215354505299
"1768","TTGCTTTAGCACAGGG.1",0.215426656803085
"1769","TTGCTTTAGCCGCTAA.1",0.568554540409716
"1770","TTGCTTTAGGAATAAC.1",0.41267684822067
"1771","TTGCTTTAGGACCAGG.1",0.514055213634372
"1772","TTGCTTTAGGCGTAAA.1",0.115432114974379
"1773","TTGGATATCTTAGGAC.1",0.424028465584421
"1774","TTGGATCAGCTGCACA.1",0.139414631579101
"1775","TTGGATCAGGAGTCTT.1",0.397906202128877
"1776","TTGGCGGGTAAGCTCA.1",0.28173944315838
"1777","TTGGCGGGTTTCGCGC.1",0.61986681338113
"1778","TTGGCTACATTGACAT.1",0.489409634219398
"1779","TTGGCTGAGCACTAAC.1",0.421299703681115
"1780","TTGGCTGAGCGGCTGT.1",0.390616860535614
"1781","TTGGCTGAGGTATTGC.1",0.339829053287623
"1782","TTGGCTTGTGCTTACT.1",0.400937736306796
"1783","TTGGGCCAGGACAATG.1",0.625187858691917
"1784","TTGGGCGGTCCGTAGG.1",0.0861443324165691
"1785","TTGGGTTAGCTTAGCG.1",0.135778534100977
"1786","TTGGGTTAGGGCCATC.1",0.432684019406049
"1787","TTGGGTTAGGTTAGCT.1",0.486713178463189
"1788","TTGGGTTAGTTTCCGC.1",0.103762809946433
"1789","TTGGTGAGTTAGAGCC.1",0.492732991421778
"1790","TTGTAAGTCCTTTACG.1",0.30436053698868
"1791","TTGTCCATCCTGCGAA.1",0.410293922993805
"1792","TTGTCCCAGAGGAAGG.1",0.266687709848551
"1793","TTGTCCGGTGTTTGTC.1",0.384555774960515
"1794","TTGTGAGGTTTGCGAA.1",0.495638232029042
"1795","TTGTGCCTCTTAAGTG.1",0.313296810773892
"1796","TTGTGCGAGGAGCAAC.1",0.791287702226215
"1797","TTGTGTGCATGAGCAG.1",0.165901332363331
"1798","TTGTTGTTCATTACGA.1",0.120719041797118
"1799","TTGTTGTTCCTACCTA.1",0.445253071484111
"1800","TTGTTGTTCGGCTATG.1",0.537922466786077
"1801","TTGTTTGGTAATCGCA.1",0
"1802","TTGTTTGGTCAAGTGC.1",0.444130955055792
"1803","TTTAACCTCAGGGCCT.1",0.248906168485153
"1804","TTTAACCTCCCTGTTA.1",0.469875853918348
"1805","TTTAACGAGCAAGATG.1",1.02056297757359
"1806","TTTAAGCCACACTAAT.1",0.30899303078141
"1807","TTTAAGGTCAGCAAAG.1",0.442158378860228
"1808","TTTACGCGTCAATGTG.1",0.222544366077438
"1809","TTTAGCAAGTGAAGTG.1",0.359230498475639
"1810","TTTAGCTTCGTTAGTA.1",0.161285422250576
"1811","TTTAGGATCATGCTTT.1",0.36082407826294
"1812","TTTAGGATCTAGCTAA.1",0.317366344274647
"1813","TTTATGGAGGAGTCGG.1",0.133423377808686
"1814","TTTCAGTTCCTGAATA.1",0.148951904405759
"1815","TTTCAGTTCTAATCCT.1",0.608187379747247
"1816","TTTCATCAGGCCCAGT.1",0.604473113227683
"1817","TTTCATCAGGGATTAG.1",0.334775284512755
"1818","TTTCCTGAGATGCCTG.1",0.296201721676192
"1819","TTTCGTCCACAGACTC.1",0.105998818512855
"1820","TTTCTTGCAAGCGATG.1",0.906866626275506
"1821","TTTGACCGTTATCGAG.1",0.667971254458255
"1822","TTTGCATTCATTGACA.1",0.512136583290958
"1823","TTTGGCTGTCTTGCAT.1",0.148751165572344
"1824","TTTGTCTAGAAAGGAA.1",0.521617595936946
"1825","TTTGTCTAGAGCCGGA.1",0.283702749921403
"1826","TTTGTCTAGAGGAGTC.1",0.159902890457955
"1827","TTTGTGAAGGACTTAC.1",0.587071108862458
"1828","TTTGTGAAGGCTACTG.1",0.0881301038937015
"1829","TTTGTGTTCATTACGA.1",0.0929572549626754
"1830","TTTGTGTTCCGCCTAT.1",0.506612096692473
"1831","TTTGTTGGTGTTGCTT.1",0.607620049192089
